"arms";"jacc_quantile";"turn_quantile";"nest_quantile";"bray_quantile";"nest";"nest_numeric"
"1";"CINA1A";"100%";"100%";"20%";"12.5%";"20%";9
"2";"CINA1A";"65%";"75%";"0%";"7.5%";"0%";1
"3";"CINA1A";"100%";"100%";"20%";"7.5%";"20%";9
"4";"CINA1A";"95%";"97.5%";"20%";"12.5%";"20%";9
"5";"CINA1A";"40%";"45%";"45%";"10%";"45%";19
"6";"CINA1A";"75%";"75%";"27.5%";"12.5%";"27.5%";12
"7";"CINA1A";"100%";"100%";"0%";"12.5%";"0%";1
"8";"CINA1A";"32.5%";"32.5%";"37.5%";"7.5%";"37.5%";16
"9";"CINA1A";"85%";"82.5%";"22.5%";"35%";"22.5%";10
"10";"CINA1A";"100%";"97.5%";"55%";"12.5%";"55%";23
"11";"CINA1A";"80%";"75%";"57.5%";"12.5%";"57.5%";24
"12";"CINA1A";"85%";"82.5%";"22.5%";"12.5%";"22.5%";10
"13";"CINA1A";"32.5%";"32.5%";"37.5%";"12.5%";"37.5%";16
"14";"CINA1A";"17.5%";"15%";"82.5%";"0%";"82.5%";34
"15";"CINA1A";"100%";"100%";"0%";"12.5%";"0%";1
"16";"CINA1A";"92.5%";"82.5%";"55%";"12.5%";"55%";23
"17";"CINA1A";"80%";"95%";"0%";"20%";"0%";1
"18";"CINA1A";"95%";"97.5%";"20%";"12.5%";"20%";9
"19";"CINA1A";"40%";"65%";"0%";"35%";"0%";1
"20";"CINA1A";"92.5%";"82.5%";"55%";"32.5%";"55%";23
"21";"CINA1A";"40%";"27.5%";"67.5%";"0%";"67.5%";28
"22";"CINA1A";"60%";"65%";"32.5%";"22.5%";"32.5%";14
"23";"CINA1A";"65%";"45%";"70%";"15%";"70%";29
"24";"CINA1A";"5%";"15%";"65%";"0%";"65%";27
"25";"CINA1A";"32.5%";"32.5%";"37.5%";"12.5%";"37.5%";16
"26";"CINA1A";"32.5%";"32.5%";"37.5%";"25%";"37.5%";16
"27";"CINA1A";"2.5%";"7.5%";"62.5%";"0%";"62.5%";26
"28";"CINA1A";"92.5%";"97.5%";"0%";"12.5%";"0%";1
"29";"CINA1A";"92.5%";"97.5%";"0%";"17.5%";"0%";1
"30";"CINA1A";"5%";"15%";"65%";"7.5%";"65%";27
"31";"CINA1A";"27.5%";"7.5%";"90%";"12.5%";"90%";37
"32";"CINA1A";"60%";"32.5%";"82.5%";"12.5%";"82.5%";34
"33";"CINA1A";"0%";"0%";"77.5%";"0%";"77.5%";32
"34";"CINA1A";"65%";"45%";"70%";"7.5%";"70%";29
"35";"CINA1A";"92.5%";"82.5%";"55%";"27.5%";"55%";23
"36";"CINA1A";"30%";"45%";"0%";"0%";"0%";1
"37";"CINA1A";"100%";"100%";"20%";"12.5%";"20%";9
"38";"CINA1A";"85%";"82.5%";"22.5%";"12.5%";"22.5%";10
"39";"CINA1A";"17.5%";"15%";"82.5%";"2.5%";"82.5%";34
"40";"CINA1A";"80%";"45%";"87.5%";"12.5%";"87.5%";36
"41";"CINA1A";"80%";"45%";"87.5%";"12.5%";"87.5%";36
"42";"CINA1A";"75%";"45%";"82.5%";"2.5%";"82.5%";34
"43";"CINA1A";"100%";"100%";"0%";"30%";"0%";1
"44";"CINA1A";"0%";"0%";"95%";"10%";"95%";39
"45";"CINA1A";"80%";"95%";"0%";"32.5%";"0%";1
"46";"CINA1A";"95%";"97.5%";"20%";"17.5%";"20%";9
"47";"CINA1A";"12.5%";"27.5%";"0%";"12.5%";"0%";1
"48";"CINA1A";"65%";"45%";"70%";"35%";"70%";29
"49";"CINA1A";"92.5%";"95%";"37.5%";"12.5%";"37.5%";16
"50";"CINA1A";"27.5%";"27.5%";"37.5%";"15%";"37.5%";16
"51";"CINA1A";"17.5%";"15%";"82.5%";"15%";"82.5%";34
"52";"CINA1A";"92.5%";"82.5%";"55%";"27.5%";"55%";23
"53";"CINA1A";"40%";"65%";"0%";"17.5%";"0%";1
"54";"CINA1A";"100%";"100%";"20%";"32.5%";"20%";9
"55";"CINA1A";"40%";"65%";"0%";"47.5%";"0%";1
"56";"CINA1A";"65%";"45%";"70%";"30%";"70%";29
"57";"CINA1A";"40%";"27.5%";"67.5%";"10%";"67.5%";28
"58";"CINA1A";"90%";"95%";"20%";"45%";"20%";9
"59";"CINA1A";"65%";"45%";"70%";"15%";"70%";29
"60";"CINA1A";"65%";"45%";"70%";"10%";"70%";29
"61";"CINA1A";"85%";"82.5%";"22.5%";"12.5%";"22.5%";10
"62";"CINA1A";"85%";"82.5%";"22.5%";"12.5%";"22.5%";10
"63";"CINA1A";"30%";"45%";"0%";"12.5%";"0%";1
"64";"CINA1A";"40%";"15%";"95%";"10%";"95%";39
"65";"CINA1A";"80%";"45%";"87.5%";"12.5%";"87.5%";36
"66";"CINA1A";"2.5%";"15%";"0%";"2.5%";"0%";1
"67";"CINA1A";"100%";"100%";"20%";"42.5%";"20%";9
"68";"CINA1A";"75%";"75%";"27.5%";"17.5%";"27.5%";12
"69";"CINA1A";"12.5%";"27.5%";"0%";"15%";"0%";1
"70";"CINA1A";"72.5%";"65%";"60%";"20%";"60%";25
"71";"CINA1A";"72.5%";"65%";"60%";"12.5%";"60%";25
"72";"CINA1A";"90%";"95%";"20%";"12.5%";"20%";9
"73";"CINA1A";"100%";"100%";"0%";"25%";"0%";1
"74";"CINA1A";"75%";"75%";"27.5%";"20%";"27.5%";12
"75";"CINA1A";"100%";"100%";"20%";"45%";"20%";9
"76";"CINA1A";"100%";"97.5%";"55%";"20%";"55%";23
"77";"CINA1A";"80%";"75%";"57.5%";"25%";"57.5%";24
"78";"CINA1A";"100%";"100%";"20%";"32.5%";"20%";9
"79";"CINA1A";"75%";"75%";"27.5%";"40%";"27.5%";12
"80";"CINA1A";"85%";"82.5%";"22.5%";"30%";"22.5%";10
"81";"CINA1A";"90%";"75%";"67.5%";"7.5%";"67.5%";28
"82";"CINA1A";"100%";"97.5%";"35%";"35%";"35%";15
"83";"CINA1A";"85%";"82.5%";"22.5%";"15%";"22.5%";10
"84";"CINA1A";"17.5%";"15%";"82.5%";"20%";"82.5%";34
"85";"CINA1A";"5%";"5%";"77.5%";"17.5%";"77.5%";32
"86";"CINA1A";"72.5%";"65%";"60%";"40%";"60%";25
"87";"CINA1A";"0%";"0%";"95%";"12.5%";"95%";39
"88";"CINA1A";"80%";"45%";"87.5%";"32.5%";"87.5%";36
"89";"CINA1A";"80%";"45%";"87.5%";"20%";"87.5%";36
"90";"CINA1A";"95%";"82.5%";"65%";"17.5%";"65%";27
"91";"CINA1A";"60%";"75%";"0%";"0%";"0%";1
"92";"CINA1A";"40%";"65%";"32.5%";"25%";"32.5%";14
"93";"CINA1A";"40%";"15%";"95%";"12.5%";"95%";39
"94";"CINA1A";"95%";"97.5%";"20%";"35%";"20%";9
"95";"CINA1A";"40%";"15%";"95%";"12.5%";"95%";39
"96";"CINA1A";"75%";"45%";"82.5%";"10%";"82.5%";34
"97";"CINA1B";"67.5%";"72.5%";"32.5%";"37.5%";"32.5%";14
"98";"CINA1B";"35%";"32.5%";"87.5%";"10%";"87.5%";36
"99";"CINA1B";"67.5%";"72.5%";"32.5%";"35%";"32.5%";14
"100";"CINA1B";"67.5%";"72.5%";"32.5%";"35%";"32.5%";14
"101";"CINA1B";"35%";"32.5%";"87.5%";"12.5%";"87.5%";36
"102";"CINA1B";"12.5%";"7.5%";"100%";"27.5%";"100%";41
"103";"CINA1B";"67.5%";"72.5%";"32.5%";"35%";"32.5%";14
"104";"CINA1B";"35%";"32.5%";"87.5%";"17.5%";"87.5%";36
"105";"CINA1B";"92.5%";"92.5%";"22.5%";"45%";"22.5%";10
"106";"CINA1B";"25%";"32.5%";"62.5%";"30%";"62.5%";26
"107";"CINA1B";"25%";"32.5%";"62.5%";"17.5%";"62.5%";26
"108";"CINA1B";"47.5%";"32.5%";"95%";"32.5%";"95%";39
"109";"CINA1B";"97.5%";"100%";"20%";"37.5%";"20%";9
"110";"CINA1B";"75%";"80%";"0%";"20%";"0%";1
"111";"CINA1B";"85%";"80%";"25%";"12.5%";"25%";11
"112";"CINA1B";"97.5%";"100%";"20%";"47.5%";"20%";9
"113";"CINA1B";"100%";"100%";"32.5%";"27.5%";"32.5%";14
"114";"CINA1B";"100%";"100%";"55%";"37.5%";"55%";23
"115";"CINA1B";"97.5%";"100%";"20%";"57.5%";"20%";9
"116";"CINA1B";"97.5%";"100%";"0%";"25%";"0%";1
"117";"CINA1B";"30%";"15%";"92.5%";"7.5%";"92.5%";38
"118";"CINA1B";"97.5%";"100%";"0%";"37.5%";"0%";1
"119";"CINA1B";"100%";"100%";"32.5%";"20%";"32.5%";14
"120";"CINA1B";"2.5%";"0%";"72.5%";"12.5%";"72.5%";30
"121";"CINA1B";"25%";"37.5%";"0%";"10%";"0%";1
"122";"CINA1B";"85%";"80%";"25%";"35%";"25%";11
"123";"CINA1B";"30%";"37.5%";"45%";"22.5%";"45%";19
"124";"CINA1B";"60%";"37.5%";"85%";"10%";"85%";35
"125";"CINA1B";"97.5%";"100%";"20%";"35%";"20%";9
"126";"CINA1B";"85%";"80%";"25%";"20%";"25%";11
"127";"CINA1B";"20%";"10%";"82.5%";"10%";"82.5%";34
"128";"CINA1B";"47.5%";"42.5%";"35%";"27.5%";"35%";15
"129";"CINA1B";"30%";"37.5%";"45%";"22.5%";"45%";19
"130";"CINA1B";"12.5%";"15%";"55%";"5%";"55%";23
"131";"CINA1B";"35%";"42.5%";"0%";"7.5%";"0%";1
"132";"CINA1B";"12.5%";"15%";"55%";"22.5%";"55%";23
"133";"CINA1B";"75%";"42.5%";"87.5%";"20%";"87.5%";36
"134";"CINA1B";"75%";"80%";"0%";"10%";"0%";1
"135";"CINA1B";"85%";"80%";"25%";"27.5%";"25%";11
"136";"CINA1B";"10%";"0%";"97.5%";"10%";"97.5%";40
"137";"CINA1B";"7.5%";"15%";"0%";"2.5%";"0%";1
"138";"CINA1B";"7.5%";"15%";"0%";"12.5%";"0%";1
"139";"CINA1B";"47.5%";"42.5%";"35%";"7.5%";"35%";15
"140";"CINA1B";"0%";"0%";"0%";"15%";"0%";1
"141";"CINA1B";"10%";"10%";"52.5%";"10%";"52.5%";22
"142";"CINA1B";"47.5%";"42.5%";"35%";"7.5%";"35%";15
"143";"CINA1B";"5%";"10%";"0%";"20%";"0%";1
"144";"CINA1B";"47.5%";"42.5%";"35%";"10%";"35%";15
"145";"CINA1B";"12.5%";"15%";"55%";"10%";"55%";23
"146";"CINA1B";"2.5%";"0%";"72.5%";"10%";"72.5%";30
"147";"CINA1B";"10%";"10%";"52.5%";"7.5%";"52.5%";22
"148";"CINA1B";"85%";"80%";"25%";"37.5%";"25%";11
"149";"CINA1B";"90%";"80%";"52.5%";"7.5%";"52.5%";22
"150";"CINA1B";"92.5%";"80%";"75%";"32.5%";"75%";31
"151";"CINA1B";"97.5%";"100%";"20%";"57.5%";"20%";9
"152";"CINA1B";"75%";"80%";"0%";"7.5%";"0%";1
"153";"CINA1B";"30%";"15%";"92.5%";"7.5%";"92.5%";38
"154";"CINA1B";"75%";"80%";"0%";"32.5%";"0%";1
"155";"CINA1B";"90%";"80%";"52.5%";"7.5%";"52.5%";22
"156";"CINA1B";"10%";"10%";"52.5%";"20%";"52.5%";22
"157";"CINA1B";"7.5%";"0%";"97.5%";"2.5%";"97.5%";40
"158";"CINA1B";"85%";"80%";"25%";"35%";"25%";11
"159";"CINA1B";"12.5%";"15%";"55%";"20%";"55%";23
"160";"CINA1B";"20%";"10%";"82.5%";"25%";"82.5%";34
"161";"CINA1B";"47.5%";"42.5%";"35%";"32.5%";"35%";15
"162";"CINA1B";"2.5%";"0%";"72.5%";"22.5%";"72.5%";30
"163";"CINA1B";"12.5%";"10%";"77.5%";"12.5%";"77.5%";32
"164";"CINA1B";"60%";"42.5%";"65%";"10%";"65%";27
"165";"CINA1B";"10%";"10%";"52.5%";"37.5%";"52.5%";22
"166";"CINA1B";"25%";"35%";"45%";"17.5%";"45%";19
"167";"CINA1B";"60%";"42.5%";"65%";"2.5%";"65%";27
"168";"CINA1B";"25%";"15%";"82.5%";"12.5%";"82.5%";34
"169";"CINA1B";"92.5%";"80%";"75%";"30%";"75%";31
"170";"CINA1B";"7.5%";"0%";"97.5%";"10%";"97.5%";40
"171";"CINA1B";"75%";"42.5%";"87.5%";"17.5%";"87.5%";36
"172";"CINA1B";"75%";"42.5%";"87.5%";"25%";"87.5%";36
"173";"CINA1B";"20%";"0%";"100%";"5%";"100%";41
"174";"CINA1B";"30%";"35%";"70%";"22.5%";"70%";29
"175";"CINA1B";"97.5%";"100%";"20%";"57.5%";"20%";9
"176";"CINA1B";"75%";"80%";"0%";"10%";"0%";1
"177";"CINA1B";"70%";"42.5%";"77.5%";"10%";"77.5%";32
"178";"CINA1B";"75%";"80%";"0%";"30%";"0%";1
"179";"CINA1B";"60%";"42.5%";"65%";"7.5%";"65%";27
"180";"CINA1B";"85%";"80%";"25%";"40%";"25%";11
"181";"CINA1B";"45%";"37.5%";"70%";"27.5%";"70%";29
"182";"CINA1B";"85%";"80%";"25%";"52.5%";"25%";11
"183";"CINA1B";"30%";"37.5%";"45%";"47.5%";"45%";19
"184";"CINA1B";"70%";"42.5%";"77.5%";"20%";"77.5%";32
"185";"CINA1B";"75%";"80%";"0%";"7.5%";"0%";1
"186";"CINA1B";"35%";"42.5%";"0%";"17.5%";"0%";1
"187";"CINA1B";"10%";"0%";"97.5%";"10%";"97.5%";40
"188";"CINA1B";"10%";"0%";"97.5%";"12.5%";"97.5%";40
"189";"CINA1B";"25%";"35%";"45%";"12.5%";"45%";19
"190";"CINA1B";"35%";"42.5%";"0%";"20%";"0%";1
"191";"CINA1B";"25%";"15%";"82.5%";"2.5%";"82.5%";34
"192";"CINA1B";"5%";"0%";"95%";"20%";"95%";39
"193";"CINA1C";"25%";"30%";"50%";"15%";"50%";21
"194";"CINA1C";"70%";"72.5%";"25%";"12.5%";"25%";11
"195";"CINA1C";"15%";"20%";"45%";"12.5%";"45%";19
"196";"CINA1C";"85%";"52.5%";"87.5%";"12.5%";"87.5%";36
"197";"CINA1C";"35%";"20%";"90%";"7.5%";"90%";37
"198";"CINA1C";"97.5%";"100%";"17.5%";"37.5%";"17.5%";8
"199";"CINA1C";"35%";"52.5%";"0%";"30%";"0%";1
"200";"CINA1C";"7.5%";"20%";"0%";"2.5%";"0%";1
"201";"CINA1C";"25%";"30%";"50%";"35%";"50%";21
"202";"CINA1C";"27.5%";"20%";"70%";"15%";"70%";29
"203";"CINA1C";"35%";"52.5%";"0%";"7.5%";"0%";1
"204";"CINA1C";"52.5%";"52.5%";"32.5%";"20%";"32.5%";14
"205";"CINA1C";"90%";"95%";"0%";"25%";"0%";1
"206";"CINA1C";"80%";"72.5%";"52.5%";"7.5%";"52.5%";22
"207";"CINA1C";"35%";"30%";"75%";"12.5%";"75%";31
"208";"CINA1C";"70%";"30%";"95%";"12.5%";"95%";39
"209";"CINA1C";"80%";"72.5%";"52.5%";"5%";"52.5%";22
"210";"CINA1C";"95%";"95%";"20%";"17.5%";"20%";9
"211";"CINA1C";"70%";"72.5%";"25%";"17.5%";"25%";11
"212";"CINA1C";"15%";"30%";"0%";"10%";"0%";1
"213";"CINA1C";"27.5%";"7.5%";"100%";"7.5%";"100%";41
"214";"CINA1C";"70%";"72.5%";"25%";"12.5%";"25%";11
"215";"CINA1C";"35%";"30%";"75%";"7.5%";"75%";31
"216";"CINA1C";"35%";"30%";"75%";"5%";"75%";31
"217";"CINA1C";"80%";"72.5%";"52.5%";"12.5%";"52.5%";22
"218";"CINA1C";"95%";"72.5%";"95%";"15%";"95%";39
"219";"CINA1C";"80%";"72.5%";"52.5%";"22.5%";"52.5%";22
"220";"CINA1C";"2.5%";"7.5%";"65%";"7.5%";"65%";27
"221";"CINA1C";"25%";"30%";"50%";"15%";"50%";21
"222";"CINA1C";"15%";"30%";"0%";"17.5%";"0%";1
"223";"CINA1C";"70%";"30%";"95%";"15%";"95%";39
"224";"CINA1C";"87.5%";"72.5%";"70%";"27.5%";"70%";29
"225";"CINA1C";"35%";"30%";"75%";"15%";"75%";31
"226";"CINA1C";"70%";"85%";"0%";"5%";"0%";1
"227";"CINA1C";"65%";"45%";"82.5%";"7.5%";"82.5%";34
"228";"CINA1C";"20%";"15%";"70%";"2.5%";"70%";29
"229";"CINA1C";"15%";"20%";"45%";"12.5%";"45%";19
"230";"CINA1C";"52.5%";"52.5%";"32.5%";"7.5%";"32.5%";14
"231";"CINA1C";"0%";"0%";"62.5%";"5%";"62.5%";26
"232";"CINA1C";"20%";"15%";"70%";"7.5%";"70%";29
"233";"CINA1C";"35%";"45%";"30%";"5%";"30%";13
"234";"CINA1C";"15%";"20%";"45%";"2.5%";"45%";19
"235";"CINA1C";"32.5%";"15%";"90%";"5%";"90%";37
"236";"CINA1C";"47.5%";"45%";"57.5%";"5%";"57.5%";24
"237";"CINA1C";"70%";"85%";"0%";"22.5%";"0%";1
"238";"CINA1C";"87.5%";"90%";"20%";"17.5%";"20%";9
"239";"CINA1C";"87.5%";"90%";"20%";"7.5%";"20%";9
"240";"CINA1C";"35%";"30%";"75%";"10%";"75%";31
"241";"CINA1C";"35%";"45%";"30%";"7.5%";"30%";13
"242";"CINA1C";"52.5%";"52.5%";"32.5%";"7.5%";"32.5%";14
"243";"CINA1C";"70%";"85%";"0%";"7.5%";"0%";1
"244";"CINA1C";"80%";"87.5%";"17.5%";"7.5%";"17.5%";8
"245";"CINA1C";"65%";"45%";"82.5%";"10%";"82.5%";34
"246";"CINA1C";"97.5%";"90%";"70%";"10%";"70%";29
"247";"CINA1C";"97.5%";"90%";"70%";"20%";"70%";29
"248";"CINA1C";"75%";"30%";"95%";"15%";"95%";39
"249";"CINA1C";"80%";"87.5%";"17.5%";"7.5%";"17.5%";8
"250";"CINA1C";"97.5%";"90%";"70%";"15%";"70%";29
"251";"CINA1C";"65%";"45%";"82.5%";"12.5%";"82.5%";34
"252";"CINA1C";"85%";"85%";"50%";"15%";"50%";21
"253";"CINA1C";"0%";"0%";"100%";"5%";"100%";41
"254";"CINA1C";"75%";"52.5%";"80%";"15%";"80%";33
"255";"CINA1C";"27.5%";"7.5%";"100%";"10%";"100%";41
"256";"CINA1C";"15%";"30%";"0%";"7.5%";"0%";1
"257";"CINA1C";"65%";"72.5%";"22.5%";"15%";"22.5%";10
"258";"CINA1C";"20%";"15%";"70%";"7.5%";"70%";29
"259";"CINA1C";"87.5%";"90%";"20%";"37.5%";"20%";9
"260";"CINA1C";"52.5%";"52.5%";"32.5%";"5%";"32.5%";14
"261";"CINA1C";"52.5%";"52.5%";"32.5%";"15%";"32.5%";14
"262";"CINA1C";"85%";"85%";"50%";"15%";"50%";21
"263";"CINA1C";"75%";"85%";"22.5%";"7.5%";"22.5%";10
"264";"CINA1C";"52.5%";"52.5%";"32.5%";"12.5%";"32.5%";14
"265";"CINA1C";"35%";"52.5%";"0%";"20%";"0%";1
"266";"CINA1C";"7.5%";"20%";"0%";"2.5%";"0%";1
"267";"CINA1C";"25%";"30%";"50%";"30%";"50%";21
"268";"CINA1C";"70%";"52.5%";"55%";"15%";"55%";23
"269";"CINA1C";"80%";"90%";"0%";"7.5%";"0%";1
"270";"CINA1C";"15%";"20%";"45%";"15%";"45%";19
"271";"CINA1C";"35%";"52.5%";"0%";"30%";"0%";1
"272";"CINA1C";"25%";"30%";"50%";"10%";"50%";21
"273";"CINA1C";"12.5%";"0%";"95%";"12.5%";"95%";39
"274";"CINA1C";"35%";"52.5%";"0%";"15%";"0%";1
"275";"CINA1C";"52.5%";"52.5%";"32.5%";"12.5%";"32.5%";14
"276";"CINA1C";"25%";"30%";"50%";"15%";"50%";21
"277";"CINA1C";"12.5%";"0%";"95%";"2.5%";"95%";39
"278";"CINA1C";"70%";"52.5%";"55%";"25%";"55%";23
"279";"CINA1C";"15%";"20%";"45%";"10%";"45%";19
"280";"CINA1C";"27.5%";"7.5%";"100%";"15%";"100%";41
"281";"CINA1C";"15%";"7.5%";"95%";"7.5%";"95%";39
"282";"CINA1C";"25%";"30%";"50%";"10%";"50%";21
"283";"CINA1C";"32.5%";"45%";"30%";"7.5%";"30%";13
"284";"CINA1C";"12.5%";"0%";"95%";"5%";"95%";39
"285";"CINA1C";"47.5%";"45%";"57.5%";"7.5%";"57.5%";24
"286";"CINA1C";"90%";"90%";"45%";"15%";"45%";19
"287";"CINA1C";"35%";"45%";"30%";"7.5%";"30%";13
"288";"CINA1C";"52.5%";"52.5%";"32.5%";"7.5%";"32.5%";14
"289";"CINA2A";"40%";"52.5%";"35%";"10%";"35%";15
"290";"CINA2A";"5%";"5%";"82.5%";"7.5%";"82.5%";34
"291";"CINA2A";"10%";"7.5%";"95%";"5%";"95%";39
"292";"CINA2A";"27.5%";"37.5%";"47.5%";"20%";"47.5%";20
"293";"CINA2A";"5%";"12.5%";"0%";"5%";"0%";1
"294";"CINA2A";"5%";"5%";"82.5%";"7.5%";"82.5%";34
"295";"CINA2A";"17.5%";"12.5%";"85%";"10%";"85%";35
"296";"CINA2A";"5%";"12.5%";"0%";"12.5%";"0%";1
"297";"CINA2A";"12.5%";"32.5%";"0%";"12.5%";"0%";1
"298";"CINA2A";"7.5%";"12.5%";"67.5%";"12.5%";"67.5%";28
"299";"CINA2A";"5%";"12.5%";"0%";"10%";"0%";1
"300";"CINA2A";"12.5%";"32.5%";"0%";"12.5%";"0%";1
"301";"CINA2A";"65%";"40%";"70%";"37.5%";"70%";29
"302";"CINA2A";"55%";"25%";"90%";"7.5%";"90%";37
"303";"CINA2A";"17.5%";"32.5%";"45%";"2.5%";"45%";19
"304";"CINA2A";"40%";"52.5%";"35%";"20%";"35%";15
"305";"CINA2A";"27.5%";"20%";"80%";"20%";"80%";33
"306";"CINA2A";"62.5%";"77.5%";"0%";"7.5%";"0%";1
"307";"CINA2A";"17.5%";"32.5%";"45%";"57.5%";"45%";19
"308";"CINA2A";"82.5%";"80%";"25%";"2.5%";"25%";11
"309";"CINA2A";"27.5%";"40%";"0%";"52.5%";"0%";1
"310";"CINA2A";"82.5%";"80%";"25%";"45%";"25%";11
"311";"CINA2A";"82.5%";"80%";"25%";"7.5%";"25%";11
"312";"CINA2A";"5%";"7.5%";"67.5%";"2.5%";"67.5%";28
"313";"CINA2A";"5%";"5%";"82.5%";"10%";"82.5%";34
"314";"CINA2A";"37.5%";"40%";"45%";"32.5%";"45%";19
"315";"CINA2A";"5%";"20%";"0%";"2.5%";"0%";1
"316";"CINA2A";"27.5%";"20%";"80%";"5%";"80%";33
"317";"CINA2A";"90%";"40%";"85%";"50%";"85%";35
"318";"CINA2A";"55%";"40%";"57.5%";"12.5%";"57.5%";24
"319";"CINA2A";"7.5%";"5%";"92.5%";"7.5%";"92.5%";38
"320";"CINA2A";"30%";"20%";"92.5%";"32.5%";"92.5%";38
"321";"CINA2A";"55%";"40%";"57.5%";"22.5%";"57.5%";24
"322";"CINA2A";"10%";"7.5%";"95%";"12.5%";"95%";39
"323";"CINA2A";"5%";"7.5%";"85%";"10%";"85%";35
"324";"CINA2A";"5%";"0%";"100%";"2.5%";"100%";41
"325";"CINA2A";"55%";"25%";"90%";"5%";"90%";37
"326";"CINA2A";"40%";"7.5%";"100%";"20%";"100%";41
"327";"CINA2A";"5%";"0%";"100%";"10%";"100%";41
"328";"CINA2A";"5%";"0%";"100%";"20%";"100%";41
"329";"CINA2A";"7.5%";"0%";"100%";"12.5%";"100%";41
"330";"CINA2A";"37.5%";"25%";"82.5%";"10%";"82.5%";34
"331";"CINA2A";"27.5%";"37.5%";"47.5%";"7.5%";"47.5%";20
"332";"CINA2A";"5%";"12.5%";"0%";"5%";"0%";1
"333";"CINA2A";"5%";"5%";"82.5%";"12.5%";"82.5%";34
"334";"CINA2A";"17.5%";"12.5%";"85%";"2.5%";"85%";35
"335";"CINA2A";"5%";"12.5%";"0%";"10%";"0%";1
"336";"CINA2A";"30%";"52.5%";"0%";"2.5%";"0%";1
"337";"CINA2A";"27.5%";"32.5%";"62.5%";"2.5%";"62.5%";26
"338";"CINA2A";"5%";"12.5%";"0%";"7.5%";"0%";1
"339";"CINA2A";"30%";"52.5%";"0%";"7.5%";"0%";1
"340";"CINA2A";"7.5%";"20%";"52.5%";"5%";"52.5%";22
"341";"CINA2A";"5%";"5%";"65%";"10%";"65%";27
"342";"CINA2A";"30%";"37.5%";"62.5%";"7.5%";"62.5%";26
"343";"CINA2A";"7.5%";"20%";"52.5%";"52.5%";"52.5%";22
"344";"CINA2A";"7.5%";"20%";"52.5%";"10%";"52.5%";22
"345";"CINA2A";"12.5%";"20%";"75%";"65%";"75%";31
"346";"CINA2A";"27.5%";"37.5%";"47.5%";"60%";"47.5%";20
"347";"CINA2A";"65%";"75%";"30%";"2.5%";"30%";13
"348";"CINA2A";"0%";"0%";"95%";"0%";"95%";39
"349";"CINA2A";"5%";"12.5%";"50%";"0%";"50%";21
"350";"CINA2A";"40%";"32.5%";"77.5%";"20%";"77.5%";32
"351";"CINA2A";"12.5%";"32.5%";"0%";"7.5%";"0%";1
"352";"CINA2A";"2.5%";"2.5%";"57.5%";"20%";"57.5%";24
"353";"CINA2A";"7.5%";"12.5%";"67.5%";"10%";"67.5%";28
"354";"CINA2A";"30%";"52.5%";"0%";"2.5%";"0%";1
"355";"CINA2A";"27.5%";"20%";"80%";"2.5%";"80%";33
"356";"CINA2A";"27.5%";"5%";"100%";"20%";"100%";41
"357";"CINA2A";"5%";"5%";"82.5%";"10%";"82.5%";34
"358";"CINA2A";"2.5%";"0%";"100%";"7.5%";"100%";41
"359";"CINA2A";"5%";"0%";"100%";"12.5%";"100%";41
"360";"CINA2A";"17.5%";"20%";"75%";"5%";"75%";31
"361";"CINA2A";"27.5%";"25%";"75%";"12.5%";"75%";31
"362";"CINA2A";"17.5%";"32.5%";"45%";"20%";"45%";19
"363";"CINA2A";"17.5%";"32.5%";"45%";"7.5%";"45%";19
"364";"CINA2A";"30%";"40%";"45%";"10%";"45%";19
"365";"CINA2A";"2.5%";"2.5%";"57.5%";"7.5%";"57.5%";24
"366";"CINA2A";"40%";"52.5%";"35%";"2.5%";"35%";15
"367";"CINA2A";"40%";"32.5%";"77.5%";"57.5%";"77.5%";32
"368";"CINA2A";"17.5%";"12.5%";"85%";"5%";"85%";35
"369";"CINA2A";"27.5%";"25%";"75%";"52.5%";"75%";31
"370";"CINA2A";"40%";"32.5%";"77.5%";"45%";"77.5%";32
"371";"CINA2A";"95%";"80%";"62.5%";"10%";"62.5%";26
"372";"CINA2A";"30%";"52.5%";"0%";"20%";"0%";1
"373";"CINA2A";"5%";"12.5%";"50%";"2.5%";"50%";21
"374";"CINA2A";"27.5%";"32.5%";"62.5%";"45%";"62.5%";26
"375";"CINA2A";"30%";"52.5%";"0%";"47.5%";"0%";1
"376";"CINA2A";"17.5%";"32.5%";"45%";"20%";"45%";19
"377";"CINA2A";"5%";"2.5%";"77.5%";"2.5%";"77.5%";32
"378";"CINA2A";"12.5%";"32.5%";"0%";"12.5%";"0%";1
"379";"CINA2A";"17.5%";"25%";"45%";"57.5%";"45%";19
"380";"CINA2A";"2.5%";"2.5%";"57.5%";"2.5%";"57.5%";24
"381";"CINA2A";"17.5%";"32.5%";"45%";"45%";"45%";19
"382";"CINA2A";"27.5%";"32.5%";"62.5%";"35%";"62.5%";26
"383";"CINA2A";"62.5%";"52.5%";"52.5%";"7.5%";"52.5%";22
"384";"CINA2A";"12.5%";"32.5%";"0%";"32.5%";"0%";1
"385";"CINA2B";"0%";"2.5%";"0%";"2.5%";"0%";1
"386";"CINA2B";"0%";"0%";"0%";"2.5%";"0%";1
"387";"CINA2B";"2.5%";"2.5%";"77.5%";"15%";"77.5%";32
"388";"CINA2B";"25%";"17.5%";"85%";"7.5%";"85%";35
"389";"CINA2B";"2.5%";"2.5%";"77.5%";"5%";"77.5%";32
"390";"CINA2B";"25%";"17.5%";"85%";"37.5%";"85%";35
"391";"CINA2B";"30%";"17.5%";"92.5%";"12.5%";"92.5%";38
"392";"CINA2B";"25%";"17.5%";"85%";"10%";"85%";35
"393";"CINA2B";"7.5%";"17.5%";"0%";"27.5%";"0%";1
"394";"CINA2B";"62.5%";"42.5%";"87.5%";"15%";"87.5%";36
"395";"CINA2B";"2.5%";"2.5%";"90%";"22.5%";"90%";37
"396";"CINA2B";"15%";"17.5%";"57.5%";"12.5%";"57.5%";24
"397";"CINA2B";"0%";"2.5%";"0%";"5%";"0%";1
"398";"CINA2B";"15%";"17.5%";"57.5%";"12.5%";"57.5%";24
"399";"CINA2B";"22.5%";"30%";"62.5%";"5%";"62.5%";26
"400";"CINA2B";"15%";"17.5%";"57.5%";"35%";"57.5%";24
"401";"CINA2B";"25%";"17.5%";"85%";"37.5%";"85%";35
"402";"CINA2B";"7.5%";"17.5%";"0%";"2.5%";"0%";1
"403";"CINA2B";"50%";"42.5%";"67.5%";"25%";"67.5%";28
"404";"CINA2B";"7.5%";"17.5%";"0%";"15%";"0%";1
"405";"CINA2B";"2.5%";"2.5%";"77.5%";"2.5%";"77.5%";32
"406";"CINA2B";"25%";"17.5%";"85%";"35%";"85%";35
"407";"CINA2B";"15%";"17.5%";"57.5%";"15%";"57.5%";24
"408";"CINA2B";"2.5%";"2.5%";"77.5%";"10%";"77.5%";32
"409";"CINA2B";"2.5%";"7.5%";"77.5%";"12.5%";"77.5%";32
"410";"CINA2B";"25%";"17.5%";"85%";"27.5%";"85%";35
"411";"CINA2B";"25%";"17.5%";"85%";"27.5%";"85%";35
"412";"CINA2B";"0%";"2.5%";"0%";"5%";"0%";1
"413";"CINA2B";"30%";"17.5%";"92.5%";"47.5%";"92.5%";38
"414";"CINA2B";"7.5%";"17.5%";"0%";"20%";"0%";1
"415";"CINA2B";"0%";"0%";"87.5%";"0%";"87.5%";36
"416";"CINA2B";"62.5%";"42.5%";"87.5%";"27.5%";"87.5%";36
"417";"CINA2B";"15%";"17.5%";"57.5%";"7.5%";"57.5%";24
"418";"CINA2B";"30%";"30%";"87.5%";"27.5%";"87.5%";36
"419";"CINA2B";"7.5%";"10%";"52.5%";"5%";"52.5%";22
"420";"CINA2B";"25%";"35%";"0%";"17.5%";"0%";1
"421";"CINA2B";"0%";"0%";"87.5%";"15%";"87.5%";36
"422";"CINA2B";"17.5%";"10%";"80%";"7.5%";"80%";33
"423";"CINA2B";"30%";"35%";"42.5%";"7.5%";"42.5%";18
"424";"CINA2B";"2.5%";"10%";"0%";"7.5%";"0%";1
"425";"CINA2B";"40%";"35%";"75%";"5%";"75%";31
"426";"CINA2B";"30%";"35%";"42.5%";"20%";"42.5%";18
"427";"CINA2B";"75%";"62.5%";"82.5%";"12.5%";"82.5%";34
"428";"CINA2B";"30%";"30%";"87.5%";"20%";"87.5%";36
"429";"CINA2B";"75%";"62.5%";"82.5%";"50%";"82.5%";34
"430";"CINA2B";"82.5%";"62.5%";"90%";"12.5%";"90%";37
"431";"CINA2B";"45%";"30%";"95%";"22.5%";"95%";39
"432";"CINA2B";"62.5%";"62.5%";"37.5%";"35%";"37.5%";16
"433";"CINA2B";"100%";"87.5%";"77.5%";"27.5%";"77.5%";32
"434";"CINA2B";"45%";"30%";"95%";"45%";"95%";39
"435";"CINA2B";"30%";"30%";"87.5%";"17.5%";"87.5%";36
"436";"CINA2B";"30%";"35%";"42.5%";"27.5%";"42.5%";18
"437";"CINA2B";"17.5%";"32.5%";"0%";"20%";"0%";1
"438";"CINA2B";"25%";"17.5%";"85%";"10%";"85%";35
"439";"CINA2B";"40%";"57.5%";"0%";"30%";"0%";1
"440";"CINA2B";"25%";"17.5%";"85%";"2.5%";"85%";35
"441";"CINA2B";"30%";"35%";"42.5%";"7.5%";"42.5%";18
"442";"CINA2B";"40%";"57.5%";"0%";"27.5%";"0%";1
"443";"CINA2B";"0%";"0%";"65%";"5%";"65%";27
"444";"CINA2B";"30%";"35%";"42.5%";"20%";"42.5%";18
"445";"CINA2B";"15%";"17.5%";"57.5%";"5%";"57.5%";24
"446";"CINA2B";"40%";"35%";"75%";"37.5%";"75%";31
"447";"CINA2B";"45%";"42.5%";"45%";"22.5%";"45%";19
"448";"CINA2B";"2.5%";"10%";"0%";"10%";"0%";1
"449";"CINA2B";"72.5%";"67.5%";"62.5%";"27.5%";"62.5%";26
"450";"CINA2B";"25%";"35%";"0%";"15%";"0%";1
"451";"CINA2B";"50%";"42.5%";"67.5%";"35%";"67.5%";28
"452";"CINA2B";"27.5%";"32.5%";"40%";"20%";"40%";17
"453";"CINA2B";"40%";"57.5%";"0%";"10%";"0%";1
"454";"CINA2B";"30%";"35%";"42.5%";"27.5%";"42.5%";18
"455";"CINA2B";"82.5%";"85%";"27.5%";"27.5%";"27.5%";12
"456";"CINA2B";"17.5%";"32.5%";"0%";"5%";"0%";1
"457";"CINA2B";"30%";"17.5%";"92.5%";"7.5%";"92.5%";38
"458";"CINA2B";"25%";"17.5%";"85%";"2.5%";"85%";35
"459";"CINA2B";"7.5%";"17.5%";"0%";"25%";"0%";1
"460";"CINA2B";"62.5%";"42.5%";"87.5%";"12.5%";"87.5%";36
"461";"CINA2B";"25%";"17.5%";"85%";"22.5%";"85%";35
"462";"CINA2B";"45%";"42.5%";"45%";"17.5%";"45%";19
"463";"CINA2B";"97.5%";"97.5%";"22.5%";"47.5%";"22.5%";10
"464";"CINA2B";"7.5%";"2.5%";"97.5%";"5%";"97.5%";40
"465";"CINA2B";"40%";"35%";"75%";"17.5%";"75%";31
"466";"CINA2B";"82.5%";"85%";"27.5%";"32.5%";"27.5%";12
"467";"CINA2B";"17.5%";"10%";"80%";"7.5%";"80%";33
"468";"CINA2B";"82.5%";"72.5%";"55%";"15%";"55%";23
"469";"CINA2B";"30%";"35%";"42.5%";"5%";"42.5%";18
"470";"CINA2B";"100%";"100%";"20%";"32.5%";"20%";9
"471";"CINA2B";"30%";"35%";"42.5%";"12.5%";"42.5%";18
"472";"CINA2B";"15%";"17.5%";"57.5%";"15%";"57.5%";24
"473";"CINA2B";"62.5%";"42.5%";"87.5%";"7.5%";"87.5%";36
"474";"CINA2B";"50%";"42.5%";"67.5%";"20%";"67.5%";28
"475";"CINA2B";"72.5%";"67.5%";"62.5%";"10%";"62.5%";26
"476";"CINA2B";"7.5%";"10%";"52.5%";"20%";"52.5%";22
"477";"CINA2B";"25%";"35%";"0%";"7.5%";"0%";1
"478";"CINA2B";"97.5%";"97.5%";"22.5%";"27.5%";"22.5%";10
"479";"CINA2B";"40%";"35%";"75%";"15%";"75%";31
"480";"CINA2B";"30%";"35%";"42.5%";"10%";"42.5%";18
"481";"CINA2C";"15%";"30%";"40%";"7.5%";"40%";17
"482";"CINA2C";"55%";"45%";"62.5%";"2.5%";"62.5%";26
"483";"CINA2C";"10%";"30%";"0%";"2.5%";"0%";1
"484";"CINA2C";"42.5%";"57.5%";"0%";"10%";"0%";1
"485";"CINA2C";"2.5%";"7.5%";"0%";"0%";"0%";1
"486";"CINA2C";"42.5%";"57.5%";"0%";"7.5%";"0%";1
"487";"CINA2C";"50%";"57.5%";"22.5%";"17.5%";"22.5%";10
"488";"CINA2C";"47.5%";"30%";"82.5%";"2.5%";"82.5%";34
"489";"CINA2C";"47.5%";"30%";"82.5%";"7.5%";"82.5%";34
"490";"CINA2C";"60%";"57.5%";"47.5%";"5%";"47.5%";20
"491";"CINA2C";"47.5%";"30%";"82.5%";"2.5%";"82.5%";34
"492";"CINA2C";"65%";"77.5%";"22.5%";"15%";"22.5%";10
"493";"CINA2C";"65%";"45%";"72.5%";"20%";"72.5%";30
"494";"CINA2C";"2.5%";"7.5%";"50%";"2.5%";"50%";21
"495";"CINA2C";"47.5%";"45%";"47.5%";"22.5%";"47.5%";20
"496";"CINA2C";"15%";"30%";"40%";"10%";"40%";17
"497";"CINA2C";"15%";"30%";"40%";"2.5%";"40%";17
"498";"CINA2C";"75%";"80%";"40%";"15%";"40%";17
"499";"CINA2C";"55%";"45%";"62.5%";"20%";"62.5%";26
"500";"CINA2C";"2.5%";"0%";"97.5%";"2.5%";"97.5%";40
"501";"CINA2C";"60%";"80%";"0%";"25%";"0%";1
"502";"CINA2C";"27.5%";"25%";"72.5%";"20%";"72.5%";30
"503";"CINA2C";"75%";"77.5%";"45%";"15%";"45%";19
"504";"CINA2C";"55%";"45%";"62.5%";"2.5%";"62.5%";26
"505";"CINA2C";"50%";"17.5%";"97.5%";"2.5%";"97.5%";40
"506";"CINA2C";"100%";"100%";"22.5%";"52.5%";"22.5%";10
"507";"CINA2C";"90%";"82.5%";"42.5%";"15%";"42.5%";18
"508";"CINA2C";"85%";"45%";"87.5%";"12.5%";"87.5%";36
"509";"CINA2C";"100%";"100%";"17.5%";"57.5%";"17.5%";8
"510";"CINA2C";"60%";"17.5%";"100%";"7.5%";"100%";41
"511";"CINA2C";"92.5%";"82.5%";"52.5%";"12.5%";"52.5%";22
"512";"CINA2C";"100%";"100%";"42.5%";"65%";"42.5%";18
"513";"CINA2C";"47.5%";"45%";"42.5%";"5%";"42.5%";18
"514";"CINA2C";"12.5%";"7.5%";"87.5%";"15%";"87.5%";36
"515";"CINA2C";"10%";"30%";"0%";"7.5%";"0%";1
"516";"CINA2C";"2.5%";"7.5%";"0%";"0%";"0%";1
"517";"CINA2C";"40%";"30%";"77.5%";"7.5%";"77.5%";32
"518";"CINA2C";"50%";"57.5%";"22.5%";"7.5%";"22.5%";10
"519";"CINA2C";"47.5%";"30%";"82.5%";"15%";"82.5%";34
"520";"CINA2C";"50%";"57.5%";"22.5%";"20%";"22.5%";10
"521";"CINA2C";"27.5%";"30%";"62.5%";"20%";"62.5%";26
"522";"CINA2C";"15%";"7.5%";"90%";"2.5%";"90%";37
"523";"CINA2C";"67.5%";"57.5%";"55%";"15%";"55%";23
"524";"CINA2C";"2.5%";"0%";"97.5%";"2.5%";"97.5%";40
"525";"CINA2C";"40%";"30%";"77.5%";"20%";"77.5%";32
"526";"CINA2C";"75%";"80%";"40%";"20%";"40%";17
"527";"CINA2C";"25%";"35%";"27.5%";"2.5%";"27.5%";12
"528";"CINA2C";"25%";"35%";"27.5%";"15%";"27.5%";12
"529";"CINA2C";"55%";"77.5%";"22.5%";"5%";"22.5%";10
"530";"CINA2C";"47.5%";"57.5%";"22.5%";"2.5%";"22.5%";10
"531";"CINA2C";"60%";"40%";"80%";"15%";"80%";33
"532";"CINA2C";"42.5%";"57.5%";"0%";"17.5%";"0%";1
"533";"CINA2C";"42.5%";"57.5%";"0%";"7.5%";"0%";1
"534";"CINA2C";"67.5%";"57.5%";"55%";"5%";"55%";23
"535";"CINA2C";"92.5%";"82.5%";"52.5%";"30%";"52.5%";22
"536";"CINA2C";"15%";"7.5%";"90%";"2.5%";"90%";37
"537";"CINA2C";"50%";"57.5%";"22.5%";"15%";"22.5%";10
"538";"CINA2C";"47.5%";"30%";"82.5%";"22.5%";"82.5%";34
"539";"CINA2C";"65%";"77.5%";"22.5%";"17.5%";"22.5%";10
"540";"CINA2C";"42.5%";"57.5%";"0%";"7.5%";"0%";1
"541";"CINA2C";"12.5%";"7.5%";"87.5%";"2.5%";"87.5%";36
"542";"CINA2C";"85%";"82.5%";"20%";"22.5%";"20%";9
"543";"CINA2C";"15%";"7.5%";"90%";"2.5%";"90%";37
"544";"CINA2C";"15%";"30%";"40%";"2.5%";"40%";17
"545";"CINA2C";"60%";"57.5%";"47.5%";"25%";"47.5%";20
"546";"CINA2C";"27.5%";"40%";"42.5%";"5%";"42.5%";18
"547";"CINA2C";"67.5%";"57.5%";"55%";"12.5%";"55%";23
"548";"CINA2C";"85%";"82.5%";"20%";"0%";"20%";9
"549";"CINA2C";"75%";"57.5%";"70%";"17.5%";"70%";29
"550";"CINA2C";"50%";"57.5%";"22.5%";"25%";"22.5%";10
"551";"CINA2C";"27.5%";"30%";"62.5%";"20%";"62.5%";26
"552";"CINA2C";"75%";"57.5%";"70%";"12.5%";"70%";29
"553";"CINA2C";"75%";"80%";"40%";"7.5%";"40%";17
"554";"CINA2C";"47.5%";"57.5%";"22.5%";"2.5%";"22.5%";10
"555";"CINA2C";"47.5%";"57.5%";"22.5%";"7.5%";"22.5%";10
"556";"CINA2C";"27.5%";"42.5%";"32.5%";"5%";"32.5%";14
"557";"CINA2C";"72.5%";"82.5%";"17.5%";"5%";"17.5%";8
"558";"CINA2C";"60%";"40%";"80%";"15%";"80%";33
"559";"CINA2C";"85%";"80%";"50%";"30%";"50%";21
"560";"CINA2C";"27.5%";"25%";"72.5%";"5%";"72.5%";30
"561";"CINA2C";"60%";"80%";"0%";"20%";"0%";1
"562";"CINA2C";"55%";"45%";"62.5%";"25%";"62.5%";26
"563";"CINA2C";"95%";"95%";"35%";"22.5%";"35%";15
"564";"CINA2C";"10%";"30%";"0%";"2.5%";"0%";1
"565";"CINA2C";"55%";"45%";"62.5%";"0%";"62.5%";26
"566";"CINA2C";"65%";"77.5%";"40%";"37.5%";"40%";17
"567";"CINA2C";"92.5%";"77.5%";"72.5%";"25%";"72.5%";30
"568";"CINA2C";"55%";"45%";"62.5%";"22.5%";"62.5%";26
"569";"CINA2C";"12.5%";"25%";"55%";"7.5%";"55%";23
"570";"CINA2C";"10%";"30%";"0%";"2.5%";"0%";1
"571";"CINA2C";"40%";"45%";"32.5%";"15%";"32.5%";14
"572";"CINA2C";"85%";"80%";"50%";"7.5%";"50%";21
"573";"CINA2C";"75%";"77.5%";"45%";"20%";"45%";19
"574";"CINA2C";"65%";"77.5%";"40%";"40%";"40%";17
"575";"CINA2C";"85%";"77.5%";"55%";"30%";"55%";23
"576";"CINA2C";"67.5%";"40%";"90%";"15%";"90%";37
"577";"CINA3A";"15%";"32.5%";"0%";"5%";"0%";1
"578";"CINA3A";"7.5%";"15%";"57.5%";"15%";"57.5%";24
"579";"CINA3A";"22.5%";"25%";"85%";"7.5%";"85%";35
"580";"CINA3A";"15%";"32.5%";"0%";"15%";"0%";1
"581";"CINA3A";"70%";"67.5%";"52.5%";"40%";"52.5%";22
"582";"CINA3A";"7.5%";"0%";"100%";"15%";"100%";41
"583";"CINA3A";"62.5%";"67.5%";"32.5%";"7.5%";"32.5%";14
"584";"CINA3A";"62.5%";"67.5%";"32.5%";"50%";"32.5%";14
"585";"CINA3A";"25%";"32.5%";"40%";"25%";"40%";17
"586";"CINA3A";"80%";"87.5%";"17.5%";"12.5%";"17.5%";8
"587";"CINA3A";"17.5%";"10%";"87.5%";"40%";"87.5%";36
"588";"CINA3A";"2.5%";"0%";"87.5%";"15%";"87.5%";36
"589";"CINA3A";"72.5%";"75%";"25%";"32.5%";"25%";11
"590";"CINA3A";"22.5%";"25%";"85%";"7.5%";"85%";35
"591";"CINA3A";"35%";"32.5%";"62.5%";"2.5%";"62.5%";26
"592";"CINA3A";"70%";"67.5%";"52.5%";"40%";"52.5%";22
"593";"CINA3A";"27.5%";"10%";"95%";"5%";"95%";39
"594";"CINA3A";"42.5%";"32.5%";"80%";"0%";"80%";33
"595";"CINA3A";"62.5%";"67.5%";"32.5%";"40%";"32.5%";14
"596";"CINA3A";"25%";"32.5%";"40%";"20%";"40%";17
"597";"CINA3A";"32.5%";"40%";"42.5%";"0%";"42.5%";18
"598";"CINA3A";"17.5%";"10%";"87.5%";"20%";"87.5%";36
"599";"CINA3A";"10%";"10%";"77.5%";"7.5%";"77.5%";32
"600";"CINA3A";"10%";"25%";"57.5%";"20%";"57.5%";24
"601";"CINA3A";"25%";"15%";"90%";"17.5%";"90%";37
"602";"CINA3A";"72.5%";"75%";"25%";"47.5%";"25%";11
"603";"CINA3A";"17.5%";"0%";"100%";"15%";"100%";41
"604";"CINA3A";"35%";"15%";"95%";"15%";"95%";39
"605";"CINA3A";"75%";"75%";"52.5%";"40%";"52.5%";22
"606";"CINA3A";"42.5%";"40%";"65%";"17.5%";"65%";27
"607";"CINA3A";"65%";"75%";"0%";"7.5%";"0%";1
"608";"CINA3A";"75%";"75%";"52.5%";"22.5%";"52.5%";22
"609";"CINA3A";"25%";"15%";"90%";"30%";"90%";37
"610";"CINA3A";"42.5%";"25%";"97.5%";"15%";"97.5%";40
"611";"CINA3A";"22.5%";"25%";"85%";"7.5%";"85%";35
"612";"CINA3A";"75%";"50%";"85%";"32.5%";"85%";35
"613";"CINA3A";"62.5%";"25%";"100%";"7.5%";"100%";41
"614";"CINA3A";"32.5%";"25%";"95%";"0%";"95%";39
"615";"CINA3A";"32.5%";"25%";"95%";"15%";"95%";39
"616";"CINA3A";"42.5%";"50%";"45%";"2.5%";"45%";19
"617";"CINA3A";"32.5%";"25%";"95%";"0%";"95%";39
"618";"CINA3A";"25%";"0%";"100%";"15%";"100%";41
"619";"CINA3A";"35%";"32.5%";"62.5%";"2.5%";"62.5%";26
"620";"CINA3A";"57.5%";"72.5%";"0%";"20%";"0%";1
"621";"CINA3A";"42.5%";"45%";"52.5%";"5%";"52.5%";22
"622";"CINA3A";"90%";"92.5%";"15%";"12.5%";"15%";7
"623";"CINA3A";"90%";"92.5%";"15%";"40%";"15%";7
"624";"CINA3A";"75%";"80%";"20%";"37.5%";"20%";9
"625";"CINA3A";"90%";"92.5%";"15%";"10%";"15%";7
"626";"CINA3A";"65%";"72.5%";"20%";"12.5%";"20%";9
"627";"CINA3A";"27.5%";"45%";"0%";"10%";"0%";1
"628";"CINA3A";"85%";"87.5%";"37.5%";"37.5%";"37.5%";16
"629";"CINA3A";"27.5%";"10%";"95%";"0%";"95%";39
"630";"CINA3A";"42.5%";"32.5%";"80%";"25%";"80%";33
"631";"CINA3A";"62.5%";"67.5%";"32.5%";"20%";"32.5%";14
"632";"CINA3A";"62.5%";"67.5%";"32.5%";"20%";"32.5%";14
"633";"CINA3A";"72.5%";"75%";"25%";"12.5%";"25%";11
"634";"CINA3A";"17.5%";"10%";"87.5%";"15%";"87.5%";36
"635";"CINA3A";"10%";"10%";"77.5%";"0%";"77.5%";32
"636";"CINA3A";"42.5%";"45%";"52.5%";"10%";"52.5%";22
"637";"CINA3A";"42.5%";"45%";"25%";"32.5%";"25%";11
"638";"CINA3A";"90%";"92.5%";"15%";"50%";"15%";7
"639";"CINA3A";"75%";"80%";"20%";"25%";"20%";9
"640";"CINA3A";"62.5%";"40%";"82.5%";"15%";"82.5%";34
"641";"CINA3A";"90%";"92.5%";"15%";"32.5%";"15%";7
"642";"CINA3A";"57.5%";"72.5%";"0%";"20%";"0%";1
"643";"CINA3A";"10%";"25%";"35%";"7.5%";"35%";15
"644";"CINA3A";"42.5%";"27.5%";"77.5%";"0%";"77.5%";32
"645";"CINA3A";"15%";"7.5%";"87.5%";"2.5%";"87.5%";36
"646";"CINA3A";"17.5%";"0%";"100%";"0%";"100%";41
"647";"CINA3A";"42.5%";"27.5%";"77.5%";"0%";"77.5%";32
"648";"CINA3A";"2.5%";"5%";"47.5%";"0%";"47.5%";20
"649";"CINA3A";"77.5%";"80%";"40%";"7.5%";"40%";17
"650";"CINA3A";"77.5%";"80%";"40%";"50%";"40%";17
"651";"CINA3A";"57.5%";"55%";"55%";"15%";"55%";23
"652";"CINA3A";"77.5%";"80%";"40%";"7.5%";"40%";17
"653";"CINA3A";"42.5%";"67.5%";"0%";"27.5%";"0%";1
"654";"CINA3A";"15%";"27.5%";"37.5%";"15%";"37.5%";16
"655";"CINA3A";"35%";"55%";"0%";"32.5%";"0%";1
"656";"CINA3A";"35%";"55%";"0%";"5%";"0%";1
"657";"CINA3A";"75%";"75%";"52.5%";"7.5%";"52.5%";22
"658";"CINA3A";"27.5%";"27.5%";"60%";"17.5%";"60%";25
"659";"CINA3A";"42.5%";"55%";"25%";"2.5%";"25%";11
"660";"CINA3A";"70%";"80%";"0%";"15%";"0%";1
"661";"CINA3A";"92.5%";"92.5%";"35%";"30%";"35%";15
"662";"CINA3A";"70%";"80%";"0%";"20%";"0%";1
"663";"CINA3A";"42.5%";"55%";"25%";"12.5%";"25%";11
"664";"CINA3A";"42.5%";"40%";"65%";"10%";"65%";27
"665";"CINA3A";"85%";"92.5%";"0%";"2.5%";"0%";1
"666";"CINA3A";"57.5%";"55%";"55%";"15%";"55%";23
"667";"CINA3A";"75%";"75%";"52.5%";"5%";"52.5%";22
"668";"CINA3A";"70%";"40%";"87.5%";"15%";"87.5%";36
"669";"CINA3A";"25%";"15%";"90%";"7.5%";"90%";37
"670";"CINA3A";"27.5%";"27.5%";"60%";"7.5%";"60%";25
"671";"CINA3A";"75%";"80%";"20%";"0%";"20%";9
"672";"CINA3A";"15%";"27.5%";"37.5%";"7.5%";"37.5%";16
"673";"CINA3B";"45%";"72.5%";"0%";"5%";"0%";1
"674";"CINA3B";"5%";"7.5%";"75%";"5%";"75%";31
"675";"CINA3B";"17.5%";"32.5%";"40%";"5%";"40%";17
"676";"CINA3B";"80%";"72.5%";"55%";"32.5%";"55%";23
"677";"CINA3B";"60%";"72.5%";"22.5%";"22.5%";"22.5%";10
"678";"CINA3B";"60%";"72.5%";"22.5%";"7.5%";"22.5%";10
"679";"CINA3B";"40%";"32.5%";"72.5%";"27.5%";"72.5%";30
"680";"CINA3B";"40%";"32.5%";"72.5%";"2.5%";"72.5%";30
"681";"CINA3B";"95%";"72.5%";"80%";"12.5%";"80%";33
"682";"CINA3B";"95%";"72.5%";"80%";"7.5%";"80%";33
"683";"CINA3B";"17.5%";"7.5%";"92.5%";"12.5%";"92.5%";38
"684";"CINA3B";"17.5%";"7.5%";"92.5%";"17.5%";"92.5%";38
"685";"CINA3B";"72.5%";"72.5%";"45%";"27.5%";"45%";19
"686";"CINA3B";"60%";"72.5%";"22.5%";"2.5%";"22.5%";10
"687";"CINA3B";"97.5%";"100%";"17.5%";"10%";"17.5%";8
"688";"CINA3B";"60%";"72.5%";"22.5%";"22.5%";"22.5%";10
"689";"CINA3B";"17.5%";"32.5%";"40%";"7.5%";"40%";17
"690";"CINA3B";"97.5%";"95%";"42.5%";"5%";"42.5%";18
"691";"CINA3B";"40%";"32.5%";"72.5%";"20%";"72.5%";30
"692";"CINA3B";"35%";"7.5%";"97.5%";"10%";"97.5%";40
"693";"CINA3B";"60%";"72.5%";"22.5%";"15%";"22.5%";10
"694";"CINA3B";"55%";"32.5%";"82.5%";"35%";"82.5%";34
"695";"CINA3B";"17.5%";"7.5%";"92.5%";"15%";"92.5%";38
"696";"CINA3B";"2.5%";"5%";"52.5%";"5%";"52.5%";22
"697";"CINA3B";"17.5%";"12.5%";"90%";"5%";"90%";37
"698";"CINA3B";"65%";"80%";"20%";"42.5%";"20%";9
"699";"CINA3B";"40%";"52.5%";"30%";"2.5%";"30%";13
"700";"CINA3B";"2.5%";"5%";"45%";"5%";"45%";19
"701";"CINA3B";"65%";"80%";"20%";"42.5%";"20%";9
"702";"CINA3B";"65%";"52.5%";"70%";"5%";"70%";29
"703";"CINA3B";"2.5%";"5%";"52.5%";"5%";"52.5%";22
"704";"CINA3B";"65%";"52.5%";"70%";"12.5%";"70%";29
"705";"CINA3B";"12.5%";"17.5%";"55%";"5%";"55%";23
"706";"CINA3B";"85%";"82.5%";"42.5%";"12.5%";"42.5%";18
"707";"CINA3B";"17.5%";"22.5%";"57.5%";"7.5%";"57.5%";24
"708";"CINA3B";"27.5%";"52.5%";"0%";"5%";"0%";1
"709";"CINA3B";"17.5%";"22.5%";"57.5%";"7.5%";"57.5%";24
"710";"CINA3B";"17.5%";"22.5%";"57.5%";"5%";"57.5%";24
"711";"CINA3B";"17.5%";"22.5%";"57.5%";"5%";"57.5%";24
"712";"CINA3B";"27.5%";"52.5%";"0%";"7.5%";"0%";1
"713";"CINA3B";"47.5%";"22.5%";"87.5%";"5%";"87.5%";36
"714";"CINA3B";"27.5%";"22.5%";"70%";"17.5%";"70%";29
"715";"CINA3B";"97.5%";"82.5%";"67.5%";"22.5%";"67.5%";28
"716";"CINA3B";"10%";"12.5%";"77.5%";"7.5%";"77.5%";32
"717";"CINA3B";"85%";"82.5%";"42.5%";"20%";"42.5%";18
"718";"CINA3B";"97.5%";"82.5%";"67.5%";"25%";"67.5%";28
"719";"CINA3B";"5%";"0%";"100%";"5%";"100%";41
"720";"CINA3B";"92.5%";"45%";"95%";"25%";"95%";39
"721";"CINA3B";"65%";"12.5%";"97.5%";"17.5%";"97.5%";40
"722";"CINA3B";"40%";"12.5%";"95%";"25%";"95%";39
"723";"CINA3B";"80%";"45%";"85%";"32.5%";"85%";35
"724";"CINA3B";"85%";"85%";"35%";"27.5%";"35%";15
"725";"CINA3B";"17.5%";"22.5%";"57.5%";"17.5%";"57.5%";24
"726";"CINA3B";"95%";"97.5%";"0%";"5%";"0%";1
"727";"CINA3B";"77.5%";"92.5%";"0%";"42.5%";"0%";1
"728";"CINA3B";"15%";"17.5%";"70%";"17.5%";"70%";29
"729";"CINA3B";"85%";"85%";"35%";"42.5%";"35%";15
"730";"CINA3B";"47.5%";"65%";"20%";"37.5%";"20%";9
"731";"CINA3B";"5%";"17.5%";"32.5%";"20%";"32.5%";14
"732";"CINA3B";"27.5%";"52.5%";"0%";"2.5%";"0%";1
"733";"CINA3B";"5%";"5%";"70%";"15%";"70%";29
"734";"CINA3B";"85%";"85%";"35%";"30%";"35%";15
"735";"CINA3B";"47.5%";"22.5%";"87.5%";"5%";"87.5%";36
"736";"CINA3B";"5%";"22.5%";"0%";"32.5%";"0%";1
"737";"CINA3B";"47.5%";"22.5%";"87.5%";"15%";"87.5%";36
"738";"CINA3B";"27.5%";"22.5%";"70%";"5%";"70%";29
"739";"CINA3B";"85%";"85%";"35%";"27.5%";"35%";15
"740";"CINA3B";"17.5%";"22.5%";"57.5%";"17.5%";"57.5%";24
"741";"CINA3B";"17.5%";"22.5%";"57.5%";"2.5%";"57.5%";24
"742";"CINA3B";"27.5%";"52.5%";"0%";"22.5%";"0%";1
"743";"CINA3B";"22.5%";"5%";"95%";"2.5%";"95%";39
"744";"CINA3B";"27.5%";"22.5%";"70%";"5%";"70%";29
"745";"CINA3B";"77.5%";"92.5%";"0%";"5%";"0%";1
"746";"CINA3B";"5%";"17.5%";"0%";"10%";"0%";1
"747";"CINA3B";"92.5%";"92.5%";"42.5%";"30%";"42.5%";18
"748";"CINA3B";"70%";"65%";"52.5%";"30%";"52.5%";22
"749";"CINA3B";"22.5%";"40%";"27.5%";"12.5%";"27.5%";12
"750";"CINA3B";"47.5%";"65%";"20%";"30%";"20%";9
"751";"CINA3B";"35%";"65%";"0%";"35%";"0%";1
"752";"CINA3B";"15%";"17.5%";"70%";"10%";"70%";29
"753";"CINA3B";"55%";"52.5%";"45%";"35%";"45%";19
"754";"CINA3B";"82.5%";"92.5%";"17.5%";"45%";"17.5%";8
"755";"CINA3B";"5%";"17.5%";"32.5%";"15%";"32.5%";14
"756";"CINA3B";"35%";"40%";"65%";"2.5%";"65%";27
"757";"CINA3B";"2.5%";"0%";"85%";"2.5%";"85%";35
"758";"CINA3B";"15%";"17.5%";"70%";"5%";"70%";29
"759";"CINA3B";"22.5%";"40%";"27.5%";"5%";"27.5%";12
"760";"CINA3B";"47.5%";"22.5%";"87.5%";"15%";"87.5%";36
"761";"CINA3B";"5%";"22.5%";"0%";"5%";"0%";1
"762";"CINA3B";"47.5%";"52.5%";"40%";"5%";"40%";17
"763";"CINA3B";"22.5%";"5%";"95%";"15%";"95%";39
"764";"CINA3B";"7.5%";"5%";"85%";"7.5%";"85%";35
"765";"CINA3B";"27.5%";"22.5%";"70%";"20%";"70%";29
"766";"CINA3B";"47.5%";"52.5%";"40%";"25%";"40%";17
"767";"CINA3B";"27.5%";"32.5%";"45%";"5%";"45%";19
"768";"CINA3B";"27.5%";"52.5%";"0%";"5%";"0%";1
"769";"CINA3C";"65%";"42.5%";"77.5%";"7.5%";"77.5%";32
"770";"CINA3C";"37.5%";"42.5%";"60%";"12.5%";"60%";25
"771";"CINA3C";"97.5%";"100%";"15%";"10%";"15%";7
"772";"CINA3C";"100%";"100%";"35%";"12.5%";"35%";15
"773";"CINA3C";"2.5%";"7.5%";"50%";"2.5%";"50%";21
"774";"CINA3C";"10%";"7.5%";"70%";"7.5%";"70%";29
"775";"CINA3C";"100%";"100%";"40%";"15%";"40%";17
"776";"CINA3C";"7.5%";"20%";"50%";"7.5%";"50%";21
"777";"CINA3C";"60%";"75%";"0%";"7.5%";"0%";1
"778";"CINA3C";"100%";"100%";"65%";"22.5%";"65%";27
"779";"CINA3C";"10%";"7.5%";"70%";"2.5%";"70%";29
"780";"CINA3C";"32.5%";"7.5%";"92.5%";"10%";"92.5%";38
"781";"CINA3C";"22.5%";"27.5%";"55%";"25%";"55%";23
"782";"CINA3C";"32.5%";"37.5%";"70%";"7.5%";"70%";29
"783";"CINA3C";"65%";"42.5%";"77.5%";"5%";"77.5%";32
"784";"CINA3C";"32.5%";"37.5%";"70%";"20%";"70%";29
"785";"CINA3C";"50%";"52.5%";"45%";"15%";"45%";19
"786";"CINA3C";"32.5%";"37.5%";"70%";"5%";"70%";29
"787";"CINA3C";"52.5%";"20%";"95%";"25%";"95%";39
"788";"CINA3C";"65%";"42.5%";"77.5%";"12.5%";"77.5%";32
"789";"CINA3C";"22.5%";"27.5%";"55%";"5%";"55%";23
"790";"CINA3C";"50%";"52.5%";"45%";"15%";"45%";19
"791";"CINA3C";"25%";"42.5%";"32.5%";"2.5%";"32.5%";14
"792";"CINA3C";"20%";"37.5%";"37.5%";"0%";"37.5%";16
"793";"CINA3C";"10%";"7.5%";"70%";"12.5%";"70%";29
"794";"CINA3C";"95%";"97.5%";"0%";"40%";"0%";1
"795";"CINA3C";"25%";"52.5%";"0%";"0%";"0%";1
"796";"CINA3C";"52.5%";"62.5%";"27.5%";"20%";"27.5%";12
"797";"CINA3C";"80%";"87.5%";"20%";"37.5%";"20%";9
"798";"CINA3C";"10%";"7.5%";"70%";"2.5%";"70%";29
"799";"CINA3C";"25%";"52.5%";"0%";"32.5%";"0%";1
"800";"CINA3C";"95%";"87.5%";"65%";"42.5%";"65%";27
"801";"CINA3C";"25%";"27.5%";"67.5%";"22.5%";"67.5%";28
"802";"CINA3C";"75%";"75%";"20%";"7.5%";"20%";9
"803";"CINA3C";"52.5%";"62.5%";"27.5%";"15%";"27.5%";12
"804";"CINA3C";"82.5%";"90%";"0%";"0%";"0%";1
"805";"CINA3C";"82.5%";"90%";"0%";"7.5%";"0%";1
"806";"CINA3C";"25%";"37.5%";"57.5%";"12.5%";"57.5%";24
"807";"CINA3C";"60%";"52.5%";"57.5%";"0%";"57.5%";24
"808";"CINA3C";"52.5%";"62.5%";"27.5%";"12.5%";"27.5%";12
"809";"CINA3C";"72.5%";"37.5%";"87.5%";"15%";"87.5%";36
"810";"CINA3C";"52.5%";"62.5%";"27.5%";"12.5%";"27.5%";12
"811";"CINA3C";"100%";"100%";"35%";"12.5%";"35%";15
"812";"CINA3C";"25%";"42.5%";"40%";"5%";"40%";17
"813";"CINA3C";"37.5%";"42.5%";"60%";"10%";"60%";25
"814";"CINA3C";"90%";"75%";"52.5%";"15%";"52.5%";22
"815";"CINA3C";"45%";"52.5%";"37.5%";"10%";"37.5%";16
"816";"CINA3C";"17.5%";"42.5%";"0%";"2.5%";"0%";1
"817";"CINA3C";"97.5%";"75%";"75%";"20%";"75%";31
"818";"CINA3C";"82.5%";"75%";"40%";"0%";"40%";17
"819";"CINA3C";"80%";"42.5%";"80%";"7.5%";"80%";33
"820";"CINA3C";"90%";"90%";"15%";"32.5%";"15%";7
"821";"CINA3C";"65%";"87.5%";"0%";"17.5%";"0%";1
"822";"CINA3C";"90%";"90%";"15%";"7.5%";"15%";7
"823";"CINA3C";"97.5%";"90%";"50%";"32.5%";"50%";21
"824";"CINA3C";"37.5%";"42.5%";"60%";"12.5%";"60%";25
"825";"CINA3C";"95%";"97.5%";"0%";"7.5%";"0%";1
"826";"CINA3C";"95%";"97.5%";"0%";"32.5%";"0%";1
"827";"CINA3C";"60%";"52.5%";"57.5%";"7.5%";"57.5%";24
"828";"CINA3C";"20%";"37.5%";"37.5%";"0%";"37.5%";16
"829";"CINA3C";"10%";"37.5%";"0%";"7.5%";"0%";1
"830";"CINA3C";"100%";"100%";"20%";"32.5%";"20%";9
"831";"CINA3C";"25%";"42.5%";"40%";"2.5%";"40%";17
"832";"CINA3C";"20%";"37.5%";"37.5%";"22.5%";"37.5%";16
"833";"CINA3C";"100%";"100%";"47.5%";"45%";"47.5%";20
"834";"CINA3C";"50%";"37.5%";"77.5%";"15%";"77.5%";32
"835";"CINA3C";"0%";"5%";"47.5%";"5%";"47.5%";20
"836";"CINA3C";"80%";"87.5%";"20%";"15%";"20%";9
"837";"CINA3C";"25%";"20%";"87.5%";"0%";"87.5%";36
"838";"CINA3C";"5%";"27.5%";"0%";"12.5%";"0%";1
"839";"CINA3C";"95%";"87.5%";"65%";"20%";"65%";27
"840";"CINA3C";"5%";"27.5%";"0%";"7.5%";"0%";1
"841";"CINA3C";"95%";"90%";"35%";"2.5%";"35%";15
"842";"CINA3C";"0%";"0%";"90%";"7.5%";"90%";37
"843";"CINA3C";"25%";"42.5%";"40%";"0%";"40%";17
"844";"CINA3C";"100%";"90%";"65%";"7.5%";"65%";27
"845";"CINA3C";"0%";"5%";"47.5%";"2.5%";"47.5%";20
"846";"CINA3C";"22.5%";"5%";"90%";"0%";"90%";37
"847";"CINA3C";"100%";"90%";"65%";"32.5%";"65%";27
"848";"CINA3C";"52.5%";"42.5%";"70%";"5%";"70%";29
"849";"CINA3C";"80%";"87.5%";"20%";"7.5%";"20%";9
"850";"CINA3C";"100%";"100%";"15%";"32.5%";"15%";7
"851";"CINA3C";"32.5%";"52.5%";"47.5%";"2.5%";"47.5%";20
"852";"CINA3C";"45%";"52.5%";"37.5%";"2.5%";"37.5%";16
"853";"CINA3C";"2.5%";"0%";"97.5%";"25%";"97.5%";40
"854";"CINA3C";"100%";"90%";"75%";"45%";"75%";31
"855";"CINA3C";"65%";"20%";"95%";"15%";"95%";39
"856";"CINA3C";"10%";"7.5%";"70%";"5%";"70%";29
"857";"CINA3C";"90%";"42.5%";"90%";"7.5%";"90%";37
"858";"CINA3C";"37.5%";"42.5%";"60%";"7.5%";"60%";25
"859";"CINA3C";"82.5%";"52.5%";"70%";"2.5%";"70%";29
"860";"CINA3C";"25%";"52.5%";"0%";"25%";"0%";1
"861";"CINA3C";"7.5%";"2.5%";"77.5%";"2.5%";"77.5%";32
"862";"CINA3C";"100%";"100%";"35%";"45%";"35%";15
"863";"CINA3C";"45%";"52.5%";"37.5%";"2.5%";"37.5%";16
"864";"CINA3C";"25%";"27.5%";"67.5%";"15%";"67.5%";28
"865";"CINA4A";"100%";"95%";"55%";"20%";"55%";23
"866";"CINA4A";"70%";"85%";"0%";"2.5%";"0%";1
"867";"CINA4A";"87.5%";"80%";"72.5%";"12.5%";"72.5%";30
"868";"CINA4A";"80%";"85%";"37.5%";"7.5%";"37.5%";16
"869";"CINA4A";"65%";"67.5%";"22.5%";"7.5%";"22.5%";10
"870";"CINA4A";"95%";"95%";"15%";"22.5%";"15%";7
"871";"CINA4A";"80%";"85%";"20%";"12.5%";"20%";9
"872";"CINA4A";"80%";"85%";"20%";"2.5%";"20%";9
"873";"CINA4A";"75%";"85%";"20%";"37.5%";"20%";9
"874";"CINA4A";"75%";"85%";"20%";"12.5%";"20%";9
"875";"CINA4A";"75%";"65%";"65%";"2.5%";"65%";27
"876";"CINA4A";"65%";"62.5%";"57.5%";"15%";"57.5%";24
"877";"CINA4A";"70%";"40%";"85%";"17.5%";"85%";35
"878";"CINA4A";"22.5%";"40%";"0%";"7.5%";"0%";1
"879";"CINA4A";"57.5%";"40%";"80%";"5%";"80%";33
"880";"CINA4A";"57.5%";"40%";"80%";"15%";"80%";33
"881";"CINA4A";"57.5%";"40%";"80%";"20%";"80%";33
"882";"CINA4A";"15%";"7.5%";"82.5%";"2.5%";"82.5%";34
"883";"CINA4A";"22.5%";"7.5%";"90%";"10%";"90%";37
"884";"CINA4A";"17.5%";"0%";"100%";"20%";"100%";41
"885";"CINA4A";"80%";"40%";"92.5%";"12.5%";"92.5%";38
"886";"CINA4A";"75%";"80%";"27.5%";"15%";"27.5%";12
"887";"CINA4A";"65%";"7.5%";"100%";"15%";"100%";41
"888";"CINA4A";"70%";"40%";"85%";"2.5%";"85%";35
"889";"CINA4A";"35%";"47.5%";"27.5%";"12.5%";"27.5%";12
"890";"CINA4A";"90%";"92.5%";"27.5%";"20%";"27.5%";12
"891";"CINA4A";"80%";"85%";"20%";"15%";"20%";9
"892";"CINA4A";"52.5%";"60%";"52.5%";"2.5%";"52.5%";22
"893";"CINA4A";"80%";"85%";"20%";"27.5%";"20%";9
"894";"CINA4A";"32.5%";"37.5%";"27.5%";"20%";"27.5%";12
"895";"CINA4A";"90%";"92.5%";"27.5%";"7.5%";"27.5%";12
"896";"CINA4A";"87.5%";"92.5%";"15%";"30%";"15%";7
"897";"CINA4A";"40%";"37.5%";"70%";"10%";"70%";29
"898";"CINA4A";"57.5%";"40%";"80%";"15%";"80%";33
"899";"CINA4A";"80%";"80%";"47.5%";"15%";"47.5%";20
"900";"CINA4A";"22.5%";"7.5%";"90%";"0%";"90%";37
"901";"CINA4A";"47.5%";"40%";"70%";"12.5%";"70%";29
"902";"CINA4A";"22.5%";"7.5%";"90%";"12.5%";"90%";37
"903";"CINA4A";"2.5%";"0%";"100%";"12.5%";"100%";41
"904";"CINA4A";"90%";"80%";"82.5%";"12.5%";"82.5%";34
"905";"CINA4A";"45%";"7.5%";"97.5%";"25%";"97.5%";40
"906";"CINA4A";"75%";"80%";"27.5%";"7.5%";"27.5%";12
"907";"CINA4A";"45%";"60%";"30%";"0%";"30%";13
"908";"CINA4A";"27.5%";"47.5%";"0%";"10%";"0%";1
"909";"CINA4A";"52.5%";"67.5%";"0%";"30%";"0%";1
"910";"CINA4A";"52.5%";"67.5%";"0%";"2.5%";"0%";1
"911";"CINA4A";"27.5%";"47.5%";"0%";"2.5%";"0%";1
"912";"CINA4A";"20%";"20%";"65%";"30%";"65%";27
"913";"CINA4A";"40%";"47.5%";"52.5%";"2.5%";"52.5%";22
"914";"CINA4A";"35%";"35%";"70%";"10%";"70%";29
"915";"CINA4A";"35%";"20%";"85%";"15%";"85%";35
"916";"CINA4A";"87.5%";"92.5%";"17.5%";"17.5%";"17.5%";8
"917";"CINA4A";"75%";"85%";"22.5%";"25%";"22.5%";10
"918";"CINA4A";"35%";"60%";"0%";"2.5%";"0%";1
"919";"CINA4A";"75%";"85%";"22.5%";"12.5%";"22.5%";10
"920";"CINA4A";"80%";"85%";"55%";"30%";"55%";23
"921";"CINA4A";"87.5%";"85%";"62.5%";"12.5%";"62.5%";26
"922";"CINA4A";"82.5%";"85%";"22.5%";"17.5%";"22.5%";10
"923";"CINA4A";"87.5%";"85%";"72.5%";"27.5%";"72.5%";30
"924";"CINA4A";"52.5%";"67.5%";"0%";"12.5%";"0%";1
"925";"CINA4A";"17.5%";"25%";"37.5%";"2.5%";"37.5%";16
"926";"CINA4A";"52.5%";"67.5%";"0%";"20%";"0%";1
"927";"CINA4A";"20%";"20%";"65%";"15%";"65%";27
"928";"CINA4A";"50%";"47.5%";"70%";"7.5%";"70%";29
"929";"CINA4A";"70%";"67.5%";"42.5%";"25%";"42.5%";18
"930";"CINA4A";"35%";"20%";"85%";"7.5%";"85%";35
"931";"CINA4A";"45%";"60%";"30%";"25%";"30%";13
"932";"CINA4A";"52.5%";"67.5%";"0%";"20%";"0%";1
"933";"CINA4A";"52.5%";"67.5%";"0%";"25%";"0%";1
"934";"CINA4A";"87.5%";"85%";"45%";"20%";"45%";19
"935";"CINA4A";"87.5%";"85%";"30%";"45%";"30%";13
"936";"CINA4A";"87.5%";"85%";"32.5%";"20%";"32.5%";14
"937";"CINA4A";"17.5%";"25%";"37.5%";"7.5%";"37.5%";16
"938";"CINA4A";"17.5%";"25%";"37.5%";"0%";"37.5%";16
"939";"CINA4A";"10%";"2.5%";"87.5%";"37.5%";"87.5%";36
"940";"CINA4A";"35%";"25%";"77.5%";"7.5%";"77.5%";32
"941";"CINA4A";"57.5%";"65%";"27.5%";"2.5%";"27.5%";12
"942";"CINA4A";"32.5%";"2.5%";"97.5%";"12.5%";"97.5%";40
"943";"CINA4A";"27.5%";"47.5%";"0%";"12.5%";"0%";1
"944";"CINA4A";"20%";"20%";"65%";"12.5%";"65%";27
"945";"CINA4A";"50%";"47.5%";"70%";"12.5%";"70%";29
"946";"CINA4A";"87.5%";"85%";"32.5%";"27.5%";"32.5%";14
"947";"CINA4A";"15%";"2.5%";"92.5%";"20%";"92.5%";38
"948";"CINA4A";"2.5%";"2.5%";"75%";"15%";"75%";31
"949";"CINA4A";"50%";"47.5%";"70%";"0%";"70%";29
"950";"CINA4A";"20%";"20%";"65%";"10%";"65%";27
"951";"CINA4A";"15%";"2.5%";"92.5%";"10%";"92.5%";38
"952";"CINA4A";"65%";"77.5%";"20%";"35%";"20%";9
"953";"CINA4A";"35%";"60%";"0%";"27.5%";"0%";1
"954";"CINA4A";"52.5%";"35%";"87.5%";"25%";"87.5%";36
"955";"CINA4A";"65%";"77.5%";"20%";"12.5%";"20%";9
"956";"CINA4A";"65%";"35%";"90%";"0%";"90%";37
"957";"CINA4A";"57.5%";"67.5%";"22.5%";"7.5%";"22.5%";10
"958";"CINA4A";"80%";"65%";"72.5%";"25%";"72.5%";30
"959";"CINA4A";"32.5%";"35%";"50%";"27.5%";"50%";21
"960";"CINA4A";"40%";"7.5%";"100%";"7.5%";"100%";41
"961";"CINA4B";"37.5%";"22.5%";"92.5%";"22.5%";"92.5%";38
"962";"CINA4B";"10%";"12.5%";"67.5%";"25%";"67.5%";28
"963";"CINA4B";"2.5%";"7.5%";"0%";"25%";"0%";1
"964";"CINA4B";"45%";"42.5%";"42.5%";"17.5%";"42.5%";18
"965";"CINA4B";"30%";"27.5%";"52.5%";"12.5%";"52.5%";22
"966";"CINA4B";"20%";"27.5%";"0%";"30%";"0%";1
"967";"CINA4B";"70%";"70%";"35%";"20%";"35%";15
"968";"CINA4B";"57.5%";"70%";"0%";"65%";"0%";1
"969";"CINA4B";"7.5%";"7.5%";"65%";"47.5%";"65%";27
"970";"CINA4B";"82.5%";"80%";"30%";"25%";"30%";13
"971";"CINA4B";"20%";"27.5%";"0%";"27.5%";"0%";1
"972";"CINA4B";"17.5%";"7.5%";"87.5%";"17.5%";"87.5%";36
"973";"CINA4B";"70%";"65%";"42.5%";"40%";"42.5%";18
"974";"CINA4B";"5%";"5%";"97.5%";"15%";"97.5%";40
"975";"CINA4B";"82.5%";"65%";"85%";"5%";"85%";35
"976";"CINA4B";"45%";"22.5%";"95%";"30%";"95%";39
"977";"CINA4B";"37.5%";"22.5%";"92.5%";"12.5%";"92.5%";38
"978";"CINA4B";"37.5%";"22.5%";"92.5%";"32.5%";"92.5%";38
"979";"CINA4B";"37.5%";"22.5%";"92.5%";"22.5%";"92.5%";38
"980";"CINA4B";"10%";"5%";"100%";"32.5%";"100%";41
"981";"CINA4B";"20%";"22.5%";"72.5%";"5%";"72.5%";30
"982";"CINA4B";"37.5%";"22.5%";"92.5%";"10%";"92.5%";38
"983";"CINA4B";"87.5%";"65%";"92.5%";"17.5%";"92.5%";38
"984";"CINA4B";"45%";"42.5%";"42.5%";"5%";"42.5%";18
"985";"CINA4B";"2.5%";"2.5%";"95%";"12.5%";"95%";39
"986";"CINA4B";"75%";"80%";"0%";"55%";"0%";1
"987";"CINA4B";"45%";"42.5%";"42.5%";"12.5%";"42.5%";18
"988";"CINA4B";"10%";"12.5%";"67.5%";"12.5%";"67.5%";28
"989";"CINA4B";"100%";"97.5%";"40%";"55%";"40%";17
"990";"CINA4B";"57.5%";"42.5%";"77.5%";"7.5%";"77.5%";32
"991";"CINA4B";"5%";"12.5%";"0%";"15%";"0%";1
"992";"CINA4B";"97.5%";"97.5%";"0%";"45%";"0%";1
"993";"CINA4B";"70%";"42.5%";"85%";"5%";"85%";35
"994";"CINA4B";"30%";"27.5%";"52.5%";"15%";"52.5%";22
"995";"CINA4B";"10%";"12.5%";"67.5%";"27.5%";"67.5%";28
"996";"CINA4B";"7.5%";"7.5%";"65%";"5%";"65%";27
"997";"CINA4B";"2.5%";"7.5%";"0%";"12.5%";"0%";1
"998";"CINA4B";"30%";"27.5%";"52.5%";"17.5%";"52.5%";22
"999";"CINA4B";"57.5%";"70%";"0%";"12.5%";"0%";1
"1000";"CINA4B";"10%";"12.5%";"67.5%";"25%";"67.5%";28
"1001";"CINA4B";"45%";"42.5%";"42.5%";"17.5%";"42.5%";18
"1002";"CINA4B";"20%";"27.5%";"0%";"10%";"0%";1
"1003";"CINA4B";"87.5%";"80%";"60%";"15%";"60%";25
"1004";"CINA4B";"75%";"80%";"0%";"15%";"0%";1
"1005";"CINA4B";"70%";"70%";"35%";"17.5%";"35%";15
"1006";"CINA4B";"75%";"80%";"0%";"5%";"0%";1
"1007";"CINA4B";"92.5%";"92.5%";"27.5%";"55%";"27.5%";12
"1008";"CINA4B";"42.5%";"62.5%";"0%";"42.5%";"0%";1
"1009";"CINA4B";"100%";"97.5%";"40%";"10%";"40%";17
"1010";"CINA4B";"30%";"27.5%";"52.5%";"17.5%";"52.5%";22
"1011";"CINA4B";"55%";"62.5%";"40%";"10%";"40%";17
"1012";"CINA4B";"57.5%";"42.5%";"77.5%";"42.5%";"77.5%";32
"1013";"CINA4B";"45%";"42.5%";"42.5%";"22.5%";"42.5%";18
"1014";"CINA4B";"45%";"42.5%";"42.5%";"45%";"42.5%";18
"1015";"CINA4B";"45%";"42.5%";"42.5%";"27.5%";"42.5%";18
"1016";"CINA4B";"2.5%";"2.5%";"95%";"32.5%";"95%";39
"1017";"CINA4B";"37.5%";"42.5%";"0%";"5%";"0%";1
"1018";"CINA4B";"45%";"42.5%";"42.5%";"12.5%";"42.5%";18
"1019";"CINA4B";"70%";"42.5%";"85%";"27.5%";"85%";35
"1020";"CINA4B";"0%";"0%";"85%";"5%";"85%";35
"1021";"CINA4B";"7.5%";"7.5%";"65%";"2.5%";"65%";27
"1022";"CINA4B";"75%";"80%";"0%";"37.5%";"0%";1
"1023";"CINA4B";"42.5%";"62.5%";"0%";"7.5%";"0%";1
"1024";"CINA4B";"20%";"12.5%";"90%";"15%";"90%";37
"1025";"CINA4B";"57.5%";"42.5%";"77.5%";"25%";"77.5%";32
"1026";"CINA4B";"20%";"27.5%";"52.5%";"2.5%";"52.5%";22
"1027";"CINA4B";"2.5%";"7.5%";"0%";"15%";"0%";1
"1028";"CINA4B";"30%";"27.5%";"52.5%";"12.5%";"52.5%";22
"1029";"CINA4B";"57.5%";"70%";"0%";"17.5%";"0%";1
"1030";"CINA4B";"10%";"12.5%";"67.5%";"20%";"67.5%";28
"1031";"CINA4B";"45%";"42.5%";"42.5%";"7.5%";"42.5%";18
"1032";"CINA4B";"20%";"27.5%";"0%";"5%";"0%";1
"1033";"CINA4B";"92.5%";"92.5%";"27.5%";"40%";"27.5%";12
"1034";"CINA4B";"20%";"27.5%";"0%";"35%";"0%";1
"1035";"CINA4B";"30%";"27.5%";"52.5%";"35%";"52.5%";22
"1036";"CINA4B";"82.5%";"80%";"30%";"35%";"30%";13
"1037";"CINA4B";"20%";"27.5%";"0%";"17.5%";"0%";1
"1038";"CINA4B";"17.5%";"7.5%";"87.5%";"12.5%";"87.5%";36
"1039";"CINA4B";"100%";"100%";"25%";"72.5%";"25%";11
"1040";"CINA4B";"2.5%";"7.5%";"0%";"30%";"0%";1
"1041";"CINA4B";"87.5%";"80%";"60%";"22.5%";"60%";25
"1042";"CINA4B";"92.5%";"92.5%";"27.5%";"42.5%";"27.5%";12
"1043";"CINA4B";"55%";"62.5%";"40%";"12.5%";"40%";17
"1044";"CINA4B";"70%";"70%";"35%";"2.5%";"35%";15
"1045";"CINA4B";"10%";"12.5%";"67.5%";"22.5%";"67.5%";28
"1046";"CINA4B";"82.5%";"80%";"30%";"30%";"30%";13
"1047";"CINA4B";"95%";"92.5%";"42.5%";"20%";"42.5%";18
"1048";"CINA4B";"20%";"12.5%";"90%";"40%";"90%";37
"1049";"CINA4B";"20%";"12.5%";"90%";"22.5%";"90%";37
"1050";"CINA4B";"30%";"27.5%";"52.5%";"27.5%";"52.5%";22
"1051";"CINA4B";"75%";"80%";"0%";"5%";"0%";1
"1052";"CINA4B";"2.5%";"2.5%";"85%";"5%";"85%";35
"1053";"CINA4B";"70%";"42.5%";"85%";"22.5%";"85%";35
"1054";"CINA4B";"82.5%";"80%";"30%";"22.5%";"30%";13
"1055";"CINA4B";"70%";"42.5%";"85%";"15%";"85%";35
"1056";"CINA4B";"75%";"70%";"65%";"12.5%";"65%";27
"1057";"CINA4C";"15%";"32.5%";"57.5%";"7.5%";"57.5%";24
"1058";"CINA4C";"0%";"0%";"95%";"12.5%";"95%";39
"1059";"CINA4C";"2.5%";"7.5%";"70%";"7.5%";"70%";29
"1060";"CINA4C";"100%";"97.5%";"57.5%";"12.5%";"57.5%";24
"1061";"CINA4C";"15%";"32.5%";"57.5%";"15%";"57.5%";24
"1062";"CINA4C";"42.5%";"32.5%";"77.5%";"7.5%";"77.5%";32
"1063";"CINA4C";"70%";"32.5%";"90%";"7.5%";"90%";37
"1064";"CINA4C";"10%";"7.5%";"92.5%";"15%";"92.5%";38
"1065";"CINA4C";"10%";"7.5%";"92.5%";"7.5%";"92.5%";38
"1066";"CINA4C";"50%";"42.5%";"57.5%";"7.5%";"57.5%";24
"1067";"CINA4C";"70%";"32.5%";"90%";"20%";"90%";37
"1068";"CINA4C";"70%";"32.5%";"90%";"7.5%";"90%";37
"1069";"CINA4C";"10%";"17.5%";"55%";"25%";"55%";23
"1070";"CINA4C";"7.5%";"17.5%";"0%";"20%";"0%";1
"1071";"CINA4C";"70%";"55%";"62.5%";"12.5%";"62.5%";26
"1072";"CINA4C";"7.5%";"17.5%";"0%";"27.5%";"0%";1
"1073";"CINA4C";"2.5%";"2.5%";"70%";"20%";"70%";29
"1074";"CINA4C";"60%";"55%";"35%";"5%";"35%";15
"1075";"CINA4C";"70%";"55%";"62.5%";"27.5%";"62.5%";26
"1076";"CINA4C";"15%";"17.5%";"70%";"20%";"70%";29
"1077";"CINA4C";"70%";"55%";"62.5%";"12.5%";"62.5%";26
"1078";"CINA4C";"32.5%";"17.5%";"82.5%";"30%";"82.5%";34
"1079";"CINA4C";"10%";"2.5%";"92.5%";"20%";"92.5%";38
"1080";"CINA4C";"2.5%";"2.5%";"70%";"5%";"70%";29
"1081";"CINA4C";"10%";"15%";"52.5%";"20%";"52.5%";22
"1082";"CINA4C";"95%";"95%";"20%";"17.5%";"20%";9
"1083";"CINA4C";"15%";"42.5%";"0%";"7.5%";"0%";1
"1084";"CINA4C";"15%";"42.5%";"0%";"25%";"0%";1
"1085";"CINA4C";"50%";"42.5%";"65%";"30%";"65%";27
"1086";"CINA4C";"10%";"15%";"52.5%";"5%";"52.5%";22
"1087";"CINA4C";"32.5%";"42.5%";"42.5%";"22.5%";"42.5%";18
"1088";"CINA4C";"15%";"7.5%";"92.5%";"15%";"92.5%";38
"1089";"CINA4C";"50%";"42.5%";"65%";"15%";"65%";27
"1090";"CINA4C";"15%";"17.5%";"70%";"7.5%";"70%";29
"1091";"CINA4C";"92.5%";"90%";"47.5%";"7.5%";"47.5%";20
"1092";"CINA4C";"7.5%";"17.5%";"0%";"12.5%";"0%";1
"1093";"CINA4C";"60%";"55%";"35%";"20%";"35%";15
"1094";"CINA4C";"32.5%";"17.5%";"82.5%";"15%";"82.5%";34
"1095";"CINA4C";"15%";"17.5%";"70%";"15%";"70%";29
"1096";"CINA4C";"70%";"55%";"62.5%";"17.5%";"62.5%";26
"1097";"CINA4C";"10%";"7.5%";"90%";"10%";"90%";37
"1098";"CINA4C";"32.5%";"17.5%";"82.5%";"7.5%";"82.5%";34
"1099";"CINA4C";"97.5%";"100%";"0%";"5%";"0%";1
"1100";"CINA4C";"70%";"55%";"62.5%";"7.5%";"62.5%";26
"1101";"CINA4C";"32.5%";"42.5%";"42.5%";"5%";"42.5%";18
"1102";"CINA4C";"87.5%";"90%";"22.5%";"12.5%";"22.5%";10
"1103";"CINA4C";"15%";"37.5%";"0%";"5%";"0%";1
"1104";"CINA4C";"50%";"65%";"0%";"7.5%";"0%";1
"1105";"CINA4C";"42.5%";"7.5%";"95%";"5%";"95%";39
"1106";"CINA4C";"87.5%";"90%";"22.5%";"20%";"22.5%";10
"1107";"CINA4C";"87.5%";"90%";"22.5%";"17.5%";"22.5%";10
"1108";"CINA4C";"92.5%";"90%";"47.5%";"20%";"47.5%";20
"1109";"CINA4C";"32.5%";"42.5%";"42.5%";"5%";"42.5%";18
"1110";"CINA4C";"77.5%";"82.5%";"25%";"7.5%";"25%";11
"1111";"CINA4C";"97.5%";"100%";"0%";"17.5%";"0%";1
"1112";"CINA4C";"82.5%";"90%";"0%";"7.5%";"0%";1
"1113";"CINA4C";"97.5%";"100%";"0%";"7.5%";"0%";1
"1114";"CINA4C";"97.5%";"100%";"20%";"15%";"20%";9
"1115";"CINA4C";"65%";"65%";"27.5%";"20%";"27.5%";12
"1116";"CINA4C";"10%";"17.5%";"55%";"2.5%";"55%";23
"1117";"CINA4C";"90%";"90%";"22.5%";"30%";"22.5%";10
"1118";"CINA4C";"32.5%";"17.5%";"82.5%";"20%";"82.5%";34
"1119";"CINA4C";"2.5%";"2.5%";"87.5%";"5%";"87.5%";36
"1120";"CINA4C";"92.5%";"90%";"47.5%";"20%";"47.5%";20
"1121";"CINA4C";"65%";"42.5%";"77.5%";"20%";"77.5%";32
"1122";"CINA4C";"10%";"2.5%";"92.5%";"7.5%";"92.5%";38
"1123";"CINA4C";"92.5%";"95%";"0%";"20%";"0%";1
"1124";"CINA4C";"82.5%";"82.5%";"50%";"12.5%";"50%";21
"1125";"CINA4C";"77.5%";"82.5%";"25%";"5%";"25%";11
"1126";"CINA4C";"95%";"95%";"20%";"15%";"20%";9
"1127";"CINA4C";"77.5%";"42.5%";"82.5%";"12.5%";"82.5%";34
"1128";"CINA4C";"82.5%";"82.5%";"50%";"7.5%";"50%";21
"1129";"CINA4C";"50%";"42.5%";"65%";"20%";"65%";27
"1130";"CINA4C";"32.5%";"42.5%";"42.5%";"15%";"42.5%";18
"1131";"CINA4C";"32.5%";"42.5%";"42.5%";"20%";"42.5%";18
"1132";"CINA4C";"15%";"7.5%";"92.5%";"7.5%";"92.5%";38
"1133";"CINA4C";"82.5%";"82.5%";"50%";"30%";"50%";21
"1134";"CINA4C";"50%";"42.5%";"65%";"27.5%";"65%";27
"1135";"CINA4C";"65%";"65%";"27.5%";"17.5%";"27.5%";12
"1136";"CINA4C";"65%";"65%";"27.5%";"12.5%";"27.5%";12
"1137";"CINA4C";"15%";"37.5%";"37.5%";"15%";"37.5%";16
"1138";"CINA4C";"75%";"87.5%";"0%";"17.5%";"0%";1
"1139";"CINA4C";"2.5%";"15%";"0%";"5%";"0%";1
"1140";"CINA4C";"50%";"65%";"0%";"5%";"0%";1
"1141";"CINA4C";"82.5%";"90%";"0%";"7.5%";"0%";1
"1142";"CINA4C";"42.5%";"7.5%";"95%";"20%";"95%";39
"1143";"CINA4C";"65%";"65%";"27.5%";"15%";"27.5%";12
"1144";"CINA4C";"82.5%";"90%";"0%";"15%";"0%";1
"1145";"CINA4C";"82.5%";"42.5%";"90%";"12.5%";"90%";37
"1146";"CINA4C";"65%";"65%";"27.5%";"7.5%";"27.5%";12
"1147";"CINA4C";"42.5%";"7.5%";"95%";"7.5%";"95%";39
"1148";"CINA4C";"87.5%";"90%";"22.5%";"20%";"22.5%";10
"1149";"CINA4C";"87.5%";"90%";"22.5%";"20%";"22.5%";10
"1150";"CINA4C";"90%";"42.5%";"90%";"20%";"90%";37
"1151";"CINA4C";"60%";"7.5%";"100%";"27.5%";"100%";41
"1152";"CINA4C";"10%";"32.5%";"0%";"7.5%";"0%";1
"1153";"RUNA2A";"45%";"32.5%";"80%";"7.5%";"80%";33
"1154";"RUNA2A";"20%";"0%";"95%";"5%";"95%";39
"1155";"RUNA2A";"75%";"32.5%";"82.5%";"12.5%";"82.5%";34
"1156";"RUNA2A";"42.5%";"0%";"95%";"7.5%";"95%";39
"1157";"RUNA2A";"75%";"0%";"100%";"5%";"100%";41
"1158";"RUNA2A";"87.5%";"32.5%";"90%";"12.5%";"90%";37
"1159";"RUNA2A";"57.5%";"32.5%";"82.5%";"10%";"82.5%";34
"1160";"RUNA2A";"82.5%";"32.5%";"87.5%";"5%";"87.5%";36
"1161";"RUNA2A";"82.5%";"0%";"100%";"12.5%";"100%";41
"1162";"RUNA2A";"87.5%";"32.5%";"90%";"7.5%";"90%";37
"1163";"RUNA2A";"52.5%";"0%";"97.5%";"5%";"97.5%";40
"1164";"RUNA2A";"65%";"0%";"97.5%";"15%";"97.5%";40
"1165";"RUNA2A";"52.5%";"70%";"27.5%";"15%";"27.5%";12
"1166";"RUNA2A";"65%";"70%";"40%";"7.5%";"40%";17
"1167";"RUNA2A";"17.5%";"17.5%";"72.5%";"15%";"72.5%";30
"1168";"RUNA2A";"70%";"40%";"80%";"12.5%";"80%";33
"1169";"RUNA2A";"50%";"40%";"70%";"10%";"70%";29
"1170";"RUNA2A";"42.5%";"70%";"0%";"15%";"0%";1
"1171";"RUNA2A";"92.5%";"90%";"40%";"30%";"40%";17
"1172";"RUNA2A";"80%";"40%";"82.5%";"12.5%";"82.5%";34
"1173";"RUNA2A";"15%";"40%";"0%";"7.5%";"0%";1
"1174";"RUNA2A";"82.5%";"70%";"57.5%";"10%";"57.5%";24
"1175";"RUNA2A";"57.5%";"40%";"75%";"20%";"75%";31
"1176";"RUNA2A";"92.5%";"95%";"12.5%";"25%";"12.5%";6
"1177";"RUNA2A";"50%";"60%";"42.5%";"5%";"42.5%";18
"1178";"RUNA2A";"82.5%";"82.5%";"32.5%";"25%";"32.5%";14
"1179";"RUNA2A";"95%";"95%";"32.5%";"25%";"32.5%";14
"1180";"RUNA2A";"52.5%";"70%";"27.5%";"5%";"27.5%";12
"1181";"RUNA2A";"87.5%";"95%";"0%";"25%";"0%";1
"1182";"RUNA2A";"92.5%";"82.5%";"57.5%";"22.5%";"57.5%";24
"1183";"RUNA2A";"52.5%";"70%";"27.5%";"15%";"27.5%";12
"1184";"RUNA2A";"95%";"95%";"37.5%";"22.5%";"37.5%";16
"1185";"RUNA2A";"87.5%";"82.5%";"47.5%";"25%";"47.5%";20
"1186";"RUNA2A";"57.5%";"80%";"17.5%";"25%";"17.5%";8
"1187";"RUNA2A";"30%";"52.5%";"30%";"15%";"30%";13
"1188";"RUNA2A";"15%";"17.5%";"80%";"12.5%";"80%";33
"1189";"RUNA2A";"65%";"70%";"40%";"27.5%";"40%";17
"1190";"RUNA2A";"2.5%";"17.5%";"45%";"7.5%";"45%";19
"1191";"RUNA2A";"95%";"95%";"10%";"35%";"10%";5
"1192";"RUNA2A";"30%";"40%";"52.5%";"10%";"52.5%";22
"1193";"RUNA2A";"7.5%";"17.5%";"72.5%";"5%";"72.5%";30
"1194";"RUNA2A";"20%";"32.5%";"47.5%";"5%";"47.5%";20
"1195";"RUNA2A";"37.5%";"70%";"0%";"12.5%";"0%";1
"1196";"RUNA2A";"35%";"50%";"55%";"5%";"55%";23
"1197";"RUNA2A";"45%";"70%";"20%";"15%";"20%";9
"1198";"RUNA2A";"50%";"60%";"42.5%";"20%";"42.5%";18
"1199";"RUNA2A";"70%";"87.5%";"0%";"5%";"0%";1
"1200";"RUNA2A";"45%";"50%";"62.5%";"12.5%";"62.5%";26
"1201";"RUNA2A";"82.5%";"87.5%";"32.5%";"15%";"32.5%";14
"1202";"RUNA2A";"45%";"70%";"20%";"10%";"20%";9
"1203";"RUNA2A";"30%";"50%";"42.5%";"7.5%";"42.5%";18
"1204";"RUNA2A";"62.5%";"70%";"45%";"15%";"45%";19
"1205";"RUNA2A";"80%";"87.5%";"12.5%";"10%";"12.5%";6
"1206";"RUNA2A";"42.5%";"40%";"65%";"15%";"65%";27
"1207";"RUNA2A";"87.5%";"92.5%";"0%";"22.5%";"0%";1
"1208";"RUNA2A";"45%";"50%";"62.5%";"12.5%";"62.5%";26
"1209";"RUNA2A";"17.5%";"17.5%";"72.5%";"7.5%";"72.5%";30
"1210";"RUNA2A";"80%";"87.5%";"12.5%";"15%";"12.5%";6
"1211";"RUNA2A";"30%";"50%";"42.5%";"10%";"42.5%";18
"1212";"RUNA2A";"7.5%";"27.5%";"47.5%";"10%";"47.5%";20
"1213";"RUNA2A";"70%";"40%";"80%";"5%";"80%";33
"1214";"RUNA2A";"27.5%";"17.5%";"82.5%";"12.5%";"82.5%";34
"1215";"RUNA2A";"15%";"35%";"25%";"7.5%";"25%";11
"1216";"RUNA2A";"20%";"0%";"95%";"7.5%";"95%";39
"1217";"RUNA2A";"52.5%";"77.5%";"15%";"12.5%";"15%";7
"1218";"RUNA2A";"17.5%";"37.5%";"27.5%";"12.5%";"27.5%";12
"1219";"RUNA2A";"82.5%";"70%";"57.5%";"17.5%";"57.5%";24
"1220";"RUNA2A";"30%";"35%";"65%";"12.5%";"65%";27
"1221";"RUNA2A";"90%";"92.5%";"10%";"25%";"10%";5
"1222";"RUNA2A";"22.5%";"17.5%";"80%";"7.5%";"80%";33
"1223";"RUNA2A";"62.5%";"82.5%";"15%";"5%";"15%";7
"1224";"RUNA2A";"57.5%";"82.5%";"0%";"10%";"0%";1
"1225";"RUNA2A";"52.5%";"70%";"27.5%";"25%";"27.5%";12
"1226";"RUNA2A";"75%";"70%";"47.5%";"5%";"47.5%";20
"1227";"RUNA2A";"80%";"40%";"82.5%";"17.5%";"82.5%";34
"1228";"RUNA2A";"87.5%";"70%";"65%";"15%";"65%";27
"1229";"RUNA2A";"82.5%";"70%";"57.5%";"12.5%";"57.5%";24
"1230";"RUNA2A";"57.5%";"40%";"75%";"15%";"75%";31
"1231";"RUNA2A";"82.5%";"82.5%";"32.5%";"30%";"32.5%";14
"1232";"RUNA2A";"15%";"0%";"95%";"7.5%";"95%";39
"1233";"RUNA2A";"22.5%";"40%";"37.5%";"7.5%";"37.5%";16
"1234";"RUNA2A";"30%";"35%";"65%";"7.5%";"65%";27
"1235";"RUNA2A";"7.5%";"0%";"85%";"10%";"85%";35
"1236";"RUNA2A";"87.5%";"87.5%";"45%";"25%";"45%";19
"1237";"RUNA2A";"42.5%";"40%";"65%";"15%";"65%";27
"1238";"RUNA2A";"95%";"97.5%";"12.5%";"25%";"12.5%";6
"1239";"RUNA2A";"82.5%";"87.5%";"32.5%";"17.5%";"32.5%";14
"1240";"RUNA2A";"27.5%";"0%";"95%";"7.5%";"95%";39
"1241";"RUNA2A";"35%";"57.5%";"37.5%";"5%";"37.5%";16
"1242";"RUNA2A";"30%";"40%";"52.5%";"7.5%";"52.5%";22
"1243";"RUNA2A";"57.5%";"40%";"75%";"5%";"75%";31
"1244";"RUNA2A";"82.5%";"70%";"57.5%";"10%";"57.5%";24
"1245";"RUNA2A";"12.5%";"0%";"92.5%";"7.5%";"92.5%";38
"1246";"RUNA2A";"62.5%";"82.5%";"15%";"7.5%";"15%";7
"1247";"RUNA2A";"45%";"77.5%";"0%";"10%";"0%";1
"1248";"RUNA2A";"35%";"60%";"20%";"12.5%";"20%";9
"1249";"RUNA2B";"45%";"35%";"65%";"7.5%";"65%";27
"1250";"RUNA2B";"45%";"35%";"65%";"7.5%";"65%";27
"1251";"RUNA2B";"87.5%";"67.5%";"57.5%";"7.5%";"57.5%";24
"1252";"RUNA2B";"62.5%";"35%";"85%";"5%";"85%";35
"1253";"RUNA2B";"7.5%";"0%";"100%";"2.5%";"100%";41
"1254";"RUNA2B";"92.5%";"67.5%";"70%";"22.5%";"70%";29
"1255";"RUNA2B";"77.5%";"67.5%";"45%";"12.5%";"45%";19
"1256";"RUNA2B";"45%";"35%";"65%";"2.5%";"65%";27
"1257";"RUNA2B";"37.5%";"15%";"97.5%";"5%";"97.5%";40
"1258";"RUNA2B";"45%";"35%";"65%";"15%";"65%";27
"1259";"RUNA2B";"57.5%";"15%";"100%";"2.5%";"100%";41
"1260";"RUNA2B";"55%";"35%";"80%";"15%";"80%";33
"1261";"RUNA2B";"62.5%";"80%";"0%";"10%";"0%";1
"1262";"RUNA2B";"70%";"80%";"20%";"2.5%";"20%";9
"1263";"RUNA2B";"45%";"35%";"65%";"5%";"65%";27
"1264";"RUNA2B";"77.5%";"80%";"37.5%";"15%";"37.5%";16
"1265";"RUNA2B";"77.5%";"80%";"37.5%";"7.5%";"37.5%";16
"1266";"RUNA2B";"62.5%";"80%";"0%";"7.5%";"0%";1
"1267";"RUNA2B";"25%";"45%";"0%";"7.5%";"0%";1
"1268";"RUNA2B";"25%";"20%";"77.5%";"2.5%";"77.5%";32
"1269";"RUNA2B";"55%";"62.5%";"27.5%";"7.5%";"27.5%";12
"1270";"RUNA2B";"47.5%";"20%";"92.5%";"5%";"92.5%";38
"1271";"RUNA2B";"70%";"80%";"20%";"5%";"20%";9
"1272";"RUNA2B";"70%";"80%";"20%";"12.5%";"20%";9
"1273";"RUNA2B";"45%";"35%";"65%";"5%";"65%";27
"1274";"RUNA2B";"50%";"45%";"50%";"22.5%";"50%";21
"1275";"RUNA2B";"50%";"45%";"50%";"22.5%";"50%";21
"1276";"RUNA2B";"7.5%";"20%";"0%";"5%";"0%";1
"1277";"RUNA2B";"62.5%";"80%";"0%";"22.5%";"0%";1
"1278";"RUNA2B";"10%";"5%";"87.5%";"5%";"87.5%";36
"1279";"RUNA2B";"20%";"30%";"42.5%";"5%";"42.5%";18
"1280";"RUNA2B";"25%";"45%";"0%";"5%";"0%";1
"1281";"RUNA2B";"15%";"20%";"40%";"10%";"40%";17
"1282";"RUNA2B";"87.5%";"67.5%";"57.5%";"5%";"57.5%";24
"1283";"RUNA2B";"25%";"45%";"30%";"2.5%";"30%";13
"1284";"RUNA2B";"25%";"45%";"30%";"10%";"30%";13
"1285";"RUNA2B";"70%";"80%";"20%";"5%";"20%";9
"1286";"RUNA2B";"37.5%";"45%";"30%";"5%";"30%";13
"1287";"RUNA2B";"70%";"80%";"20%";"15%";"20%";9
"1288";"RUNA2B";"62.5%";"62.5%";"50%";"7.5%";"50%";21
"1289";"RUNA2B";"37.5%";"45%";"30%";"5%";"30%";13
"1290";"RUNA2B";"57.5%";"45%";"72.5%";"5%";"72.5%";30
"1291";"RUNA2B";"92.5%";"67.5%";"70%";"17.5%";"70%";29
"1292";"RUNA2B";"25%";"15%";"95%";"2.5%";"95%";39
"1293";"RUNA2B";"25%";"15%";"95%";"20%";"95%";39
"1294";"RUNA2B";"45%";"35%";"65%";"10%";"65%";27
"1295";"RUNA2B";"12.5%";"15%";"85%";"2.5%";"85%";35
"1296";"RUNA2B";"37.5%";"15%";"97.5%";"5%";"97.5%";40
"1297";"RUNA2B";"77.5%";"67.5%";"45%";"17.5%";"45%";19
"1298";"RUNA2B";"57.5%";"15%";"100%";"2.5%";"100%";41
"1299";"RUNA2B";"87.5%";"67.5%";"57.5%";"22.5%";"57.5%";24
"1300";"RUNA2B";"70%";"92.5%";"0%";"17.5%";"0%";1
"1301";"RUNA2B";"35%";"60%";"0%";"10%";"0%";1
"1302";"RUNA2B";"50%";"45%";"50%";"7.5%";"50%";21
"1303";"RUNA2B";"50%";"45%";"50%";"10%";"50%";21
"1304";"RUNA2B";"5%";"17.5%";"37.5%";"5%";"37.5%";16
"1305";"RUNA2B";"37.5%";"30%";"80%";"20%";"80%";33
"1306";"RUNA2B";"17.5%";"17.5%";"75%";"5%";"75%";31
"1307";"RUNA2B";"25%";"45%";"30%";"5%";"30%";13
"1308";"RUNA2B";"35%";"60%";"0%";"15%";"0%";1
"1309";"RUNA2B";"50%";"45%";"50%";"5%";"50%";21
"1310";"RUNA2B";"50%";"45%";"50%";"10%";"50%";21
"1311";"RUNA2B";"5%";"17.5%";"37.5%";"5%";"37.5%";16
"1312";"RUNA2B";"70%";"62.5%";"60%";"5%";"60%";25
"1313";"RUNA2B";"50%";"45%";"50%";"20%";"50%";21
"1314";"RUNA2B";"25%";"45%";"30%";"17.5%";"30%";13
"1315";"RUNA2B";"77.5%";"80%";"37.5%";"20%";"37.5%";16
"1316";"RUNA2B";"20%";"20%";"62.5%";"12.5%";"62.5%";26
"1317";"RUNA2B";"50%";"45%";"50%";"22.5%";"50%";21
"1318";"RUNA2B";"70%";"62.5%";"60%";"30%";"60%";25
"1319";"RUNA2B";"50%";"45%";"50%";"7.5%";"50%";21
"1320";"RUNA2B";"35%";"32.5%";"65%";"5%";"65%";27
"1321";"RUNA2B";"62.5%";"80%";"0%";"15%";"0%";1
"1322";"RUNA2B";"62.5%";"80%";"0%";"2.5%";"0%";1
"1323";"RUNA2B";"25%";"20%";"77.5%";"5%";"77.5%";32
"1324";"RUNA2B";"25%";"45%";"0%";"15%";"0%";1
"1325";"RUNA2B";"75%";"45%";"82.5%";"2.5%";"82.5%";34
"1326";"RUNA2B";"15%";"20%";"40%";"10%";"40%";17
"1327";"RUNA2B";"7.5%";"20%";"0%";"15%";"0%";1
"1328";"RUNA2B";"10%";"5%";"87.5%";"5%";"87.5%";36
"1329";"RUNA2B";"87.5%";"95%";"20%";"22.5%";"20%";9
"1330";"RUNA2B";"47.5%";"20%";"92.5%";"5%";"92.5%";38
"1331";"RUNA2B";"70%";"80%";"20%";"7.5%";"20%";9
"1332";"RUNA2B";"10%";"5%";"87.5%";"7.5%";"87.5%";36
"1333";"RUNA2B";"87.5%";"95%";"20%";"2.5%";"20%";9
"1334";"RUNA2B";"92.5%";"95%";"0%";"32.5%";"0%";1
"1335";"RUNA2B";"70%";"80%";"20%";"27.5%";"20%";9
"1336";"RUNA2B";"20%";"10%";"92.5%";"10%";"92.5%";38
"1337";"RUNA2B";"10%";"5%";"87.5%";"2.5%";"87.5%";36
"1338";"RUNA2B";"2.5%";"2.5%";"70%";"2.5%";"70%";29
"1339";"RUNA2B";"2.5%";"10%";"57.5%";"20%";"57.5%";24
"1340";"RUNA2B";"35%";"10%";"97.5%";"5%";"97.5%";40
"1341";"RUNA2B";"7.5%";"10%";"82.5%";"17.5%";"82.5%";34
"1342";"RUNA2B";"25%";"5%";"97.5%";"5%";"97.5%";40
"1343";"RUNA2B";"2.5%";"5%";"57.5%";"2.5%";"57.5%";24
"1344";"RUNA2B";"25%";"20%";"85%";"5%";"85%";35
"1345";"RUNA2C";"37.5%";"32.5%";"70%";"17.5%";"70%";29
"1346";"RUNA2C";"15%";"32.5%";"45%";"2.5%";"45%";19
"1347";"RUNA2C";"35%";"5%";"97.5%";"10%";"97.5%";40
"1348";"RUNA2C";"35%";"5%";"97.5%";"27.5%";"97.5%";40
"1349";"RUNA2C";"52.5%";"32.5%";"87.5%";"17.5%";"87.5%";36
"1350";"RUNA2C";"15%";"5%";"97.5%";"15%";"97.5%";40
"1351";"RUNA2C";"90%";"70%";"72.5%";"20%";"72.5%";30
"1352";"RUNA2C";"27.5%";"0%";"100%";"2.5%";"100%";41
"1353";"RUNA2C";"15%";"5%";"97.5%";"2.5%";"97.5%";40
"1354";"RUNA2C";"35%";"5%";"97.5%";"20%";"97.5%";40
"1355";"RUNA2C";"37.5%";"32.5%";"70%";"2.5%";"70%";29
"1356";"RUNA2C";"35%";"5%";"97.5%";"20%";"97.5%";40
"1357";"RUNA2C";"7.5%";"20%";"40%";"20%";"40%";17
"1358";"RUNA2C";"2.5%";"5%";"90%";"2.5%";"90%";37
"1359";"RUNA2C";"62.5%";"75%";"0%";"42.5%";"0%";1
"1360";"RUNA2C";"35%";"40%";"35%";"17.5%";"35%";15
"1361";"RUNA2C";"2.5%";"5%";"77.5%";"10%";"77.5%";32
"1362";"RUNA2C";"2.5%";"0%";"100%";"25%";"100%";41
"1363";"RUNA2C";"52.5%";"10%";"95%";"30%";"95%";39
"1364";"RUNA2C";"2.5%";"5%";"77.5%";"7.5%";"77.5%";32
"1365";"RUNA2C";"77.5%";"75%";"35%";"15%";"35%";15
"1366";"RUNA2C";"15%";"40%";"0%";"20%";"0%";1
"1367";"RUNA2C";"2.5%";"5%";"90%";"10%";"90%";37
"1368";"RUNA2C";"45%";"20%";"90%";"10%";"90%";37
"1369";"RUNA2C";"90%";"90%";"22.5%";"10%";"22.5%";10
"1370";"RUNA2C";"7.5%";"5%";"95%";"32.5%";"95%";39
"1371";"RUNA2C";"35%";"20%";"85%";"27.5%";"85%";35
"1372";"RUNA2C";"27.5%";"5%";"100%";"2.5%";"100%";41
"1373";"RUNA2C";"67.5%";"62.5%";"62.5%";"20%";"62.5%";26
"1374";"RUNA2C";"7.5%";"5%";"90%";"12.5%";"90%";37
"1375";"RUNA2C";"67.5%";"62.5%";"62.5%";"12.5%";"62.5%";26
"1376";"RUNA2C";"77.5%";"62.5%";"72.5%";"20%";"72.5%";30
"1377";"RUNA2C";"7.5%";"5%";"95%";"30%";"95%";39
"1378";"RUNA2C";"57.5%";"40%";"67.5%";"30%";"67.5%";28
"1379";"RUNA2C";"2.5%";"7.5%";"0%";"12.5%";"0%";1
"1380";"RUNA2C";"27.5%";"35%";"52.5%";"10%";"52.5%";22
"1381";"RUNA2C";"2.5%";"2.5%";"72.5%";"12.5%";"72.5%";30
"1382";"RUNA2C";"45%";"57.5%";"25%";"7.5%";"25%";11
"1383";"RUNA2C";"52.5%";"40%";"60%";"12.5%";"60%";25
"1384";"RUNA2C";"45%";"57.5%";"25%";"7.5%";"25%";11
"1385";"RUNA2C";"15%";"40%";"0%";"2.5%";"0%";1
"1386";"RUNA2C";"2.5%";"5%";"90%";"2.5%";"90%";37
"1387";"RUNA2C";"57.5%";"40%";"67.5%";"30%";"67.5%";28
"1388";"RUNA2C";"67.5%";"75%";"25%";"27.5%";"25%";11
"1389";"RUNA2C";"45%";"40%";"47.5%";"30%";"47.5%";20
"1390";"RUNA2C";"77.5%";"75%";"35%";"37.5%";"35%";15
"1391";"RUNA2C";"15%";"5%";"100%";"7.5%";"100%";41
"1392";"RUNA2C";"77.5%";"75%";"35%";"17.5%";"35%";15
"1393";"RUNA2C";"57.5%";"40%";"67.5%";"42.5%";"67.5%";28
"1394";"RUNA2C";"62.5%";"75%";"0%";"12.5%";"0%";1
"1395";"RUNA2C";"57.5%";"40%";"67.5%";"30%";"67.5%";28
"1396";"RUNA2C";"7.5%";"10%";"62.5%";"2.5%";"62.5%";26
"1397";"RUNA2C";"2.5%";"10%";"35%";"2.5%";"35%";15
"1398";"RUNA2C";"2.5%";"7.5%";"62.5%";"20%";"62.5%";26
"1399";"RUNA2C";"52.5%";"40%";"60%";"30%";"60%";25
"1400";"RUNA2C";"2.5%";"10%";"35%";"12.5%";"35%";15
"1401";"RUNA2C";"70%";"82.5%";"17.5%";"20%";"17.5%";8
"1402";"RUNA2C";"2.5%";"5%";"90%";"30%";"90%";37
"1403";"RUNA2C";"2.5%";"20%";"0%";"12.5%";"0%";1
"1404";"RUNA2C";"15%";"35%";"32.5%";"2.5%";"32.5%";14
"1405";"RUNA2C";"15%";"10%";"90%";"12.5%";"90%";37
"1406";"RUNA2C";"85%";"90%";"15%";"20%";"15%";7
"1407";"RUNA2C";"57.5%";"67.5%";"25%";"17.5%";"25%";11
"1408";"RUNA2C";"57.5%";"67.5%";"25%";"12.5%";"25%";11
"1409";"RUNA2C";"65%";"67.5%";"40%";"25%";"40%";17
"1410";"RUNA2C";"27.5%";"35%";"52.5%";"30%";"52.5%";22
"1411";"RUNA2C";"2.5%";"2.5%";"90%";"17.5%";"90%";37
"1412";"RUNA2C";"27.5%";"57.5%";"0%";"10%";"0%";1
"1413";"RUNA2C";"12.5%";"10%";"90%";"10%";"90%";37
"1414";"RUNA2C";"27.5%";"57.5%";"0%";"10%";"0%";1
"1415";"RUNA2C";"10%";"27.5%";"30%";"12.5%";"30%";13
"1416";"RUNA2C";"7.5%";"10%";"62.5%";"12.5%";"62.5%";26
"1417";"RUNA2C";"27.5%";"27.5%";"70%";"25%";"70%";29
"1418";"RUNA2C";"37.5%";"57.5%";"22.5%";"2.5%";"22.5%";10
"1419";"RUNA2C";"0%";"0%";"95%";"10%";"95%";39
"1420";"RUNA2C";"37.5%";"40%";"40%";"30%";"40%";17
"1421";"RUNA2C";"45%";"10%";"92.5%";"10%";"92.5%";38
"1422";"RUNA2C";"12.5%";"20%";"47.5%";"25%";"47.5%";20
"1423";"RUNA2C";"90%";"82.5%";"60%";"30%";"60%";25
"1424";"RUNA2C";"27.5%";"57.5%";"0%";"12.5%";"0%";1
"1425";"RUNA2C";"90%";"95%";"0%";"12.5%";"0%";1
"1426";"RUNA2C";"77.5%";"75%";"35%";"20%";"35%";15
"1427";"RUNA2C";"10%";"27.5%";"30%";"17.5%";"30%";13
"1428";"RUNA2C";"67.5%";"57.5%";"62.5%";"12.5%";"62.5%";26
"1429";"RUNA2C";"37.5%";"27.5%";"75%";"12.5%";"75%";31
"1430";"RUNA2C";"52.5%";"40%";"60%";"27.5%";"60%";25
"1431";"RUNA2C";"15%";"20%";"65%";"22.5%";"65%";27
"1432";"RUNA2C";"27.5%";"57.5%";"0%";"7.5%";"0%";1
"1433";"RUNA2C";"45%";"57.5%";"25%";"20%";"25%";11
"1434";"RUNA2C";"45%";"40%";"47.5%";"10%";"47.5%";20
"1435";"RUNA2C";"45%";"57.5%";"25%";"10%";"25%";11
"1436";"RUNA2C";"77.5%";"75%";"35%";"15%";"35%";15
"1437";"RUNA2C";"45%";"57.5%";"25%";"15%";"25%";11
"1438";"RUNA2C";"57.5%";"40%";"67.5%";"15%";"67.5%";28
"1439";"RUNA2C";"2.5%";"20%";"0%";"22.5%";"0%";1
"1440";"RUNA2C";"2.5%";"5%";"90%";"27.5%";"90%";37
